;Nomor Perkara;Klasifikasi Perkara;Tahun;Sumber
0;129/Pid.C/2023/PN Ksp;Pencurian;2023;pn-kualasimpang
1;129/Pid.C/2023/PN Ksp;Pencurian;2023;pn-kualasimpang
2;122/Pid.C/2023/PN Ksp;Pencurian;2023;pn-kualasimpang
3;113/Pid.C/2023/PN Ksp;Pencurian;2023;pn-kualasimpang
4;100/Pid.C/2023/PN Ksp;Pencurian;2023;pn-kualasimpang
5;98/Pid.C/2023/PN Ksp;Pencurian;2023;pn-kualasimpang
6;81/Pid.C/2023/PN Ksp;Pencurian;2023;pn-kualasimpang
7;12/Pdt.P/2023/PN Ksp;Permohonan Ganti Nama;2023;pn-kualasimpang
8;61/Pid.C/2023/PN Ksp;Pencurian;2023;pn-kualasimpang
9;37/Pid.Sus/2023/PN Ksp;Narkotika;2023;pn-kualasimpang
10;28/Pid.Sus/2023/PN Ksp;Narkotika;2023;pn-kualasimpang
11;16/Pid.Sus/2023/PN Ksp;Narkotika;2023;pn-kualasimpang
12;17/Pid.C/2023/PN Ksp;Pencurian;2023;pn-kualasimpang
13;8/Pid.B/2023/PN Ksp;Pencurian;2023;pn-kualasimpang
14;311/Pid.Sus/2022/PN Ksp;Narkotika;2022;pn-kualasimpang
15;296/Pid.Sus/2022/PN Ksp;Narkotika;2022;pn-kualasimpang
16;282/Pid.Sus/2022/PN Ksp;Narkotika;2022;pn-kualasimpang
17;274/Pid.B/2022/PN Ksp;Pencurian;2022;pn-kualasimpang
18;2125/Pid.LL/2022/PN Ksp;Perkara Lalu-Lintas;2022;pn-kualasimpang
19;252/Pid.Sus/2022/PN Ksp;Narkotika;2022;pn-kualasimpang
20;2110/Pid.LL/2022/PN Ksp;Perkara Lalu-Lintas;2022;pn-kualasimpang
21;237/Pid.Sus/2022/PN Ksp;Narkotika;2022;pn-kualasimpang
22;235/Pid.Sus/2022/PN Ksp;Narkotika;2022;pn-kualasimpang
23;221/Pid.Sus/2022/PN Ksp;Lalu Lintas;2022;pn-kualasimpang
24;2078/Pid.LL/2022/PN Ksp;Perkara Lalu-Lintas;2022;pn-kualasimpang
25;2058/Pid.LL/2022/PN Ksp;Perkara Lalu-Lintas;2022;pn-kualasimpang
26;135/Pid.C/2022/PN Ksp;Pencurian;2022;pn-kualasimpang
27;2036/Pid.LL/2022/PN Ksp;Perkara Lalu-Lintas;2022;pn-kualasimpang
28;2016/Pid.LL/2022/PN Ksp;Perkara Lalu-Lintas;2022;pn-kualasimpang
29;125/Pid.C/2022/PN Ksp;Pencurian;2022;pn-kualasimpang
30;1990/Pid.LL/2022/PN Ksp;Perkara Lalu-Lintas;2022;pn-kualasimpang
31;212/Pid.B/2022/PN Ksp;Pencurian;2022;pn-kualasimpang
32;1972/Pid.LL/2022/PN Ksp;Perkara Lalu-Lintas;2022;pn-kualasimpang
33;116/Pid.C/2022/PN Ksp;Pencurian;2022;pn-kualasimpang
34;1958/Pid.LL/2022/PN Ksp;Perkara Lalu-Lintas;2022;pn-kualasimpang
35;103/Pid.C/2022/PN Ksp;Pencurian;2022;pn-kualasimpang
36;67/Pdt.P/2022/PN Ksp;Perbaikan Kesalahan Dalam Akta Kelahiran;2022;pn-kualasimpang
37;1932/Pid.LL/2022/PN Ksp;Perkara Lalu-Lintas;2022;pn-kualasimpang
38;65/Pdt.P/2022/PN Ksp;Permohonan Ganti Nama;2022;pn-kualasimpang
39;1905/Pid.LL/2022/PN Ksp;Perkara Lalu-Lintas;2022;pn-kualasimpang
40;1885/Pid.LL/2022/PN Ksp;Perkara Lalu-Lintas;2022;pn-kualasimpang
41;171/Pid.B/2022/PN Ksp;Penadahan, Penerbitan, dan Pencetakan;2022;pn-kualasimpang
42;1856/Pid.LL/2022/PN Ksp;Perkara Lalu-Lintas;2022;pn-kualasimpang
43;1836/Pid.LL/2022/PN Ksp;Perkara Lalu-Lintas;2022;pn-kualasimpang
44;167/Pid.Sus/2022/PN Ksp;Narkotika;2022;pn-kualasimpang
45;1810/Pid.LL/2022/PN Ksp;Perkara Lalu-Lintas;2022;pn-kualasimpang
46;1820/Pid.LL/2022/PN Ksp;Perkara Lalu-Lintas;2022;pn-kualasimpang
47;1783/Pid.LL/2022/PN Ksp;Perkara Lalu-Lintas;2022;pn-kualasimpang
48;1763/Pid.LL/2022/PN Ksp;Perkara Lalu-Lintas;2022;pn-kualasimpang
49;1751/Pid.LL/2022/PN Ksp;Perkara Lalu-Lintas;2022;pn-kualasimpang
50;1731/Pid.LL/2022/PN Ksp;Perkara Lalu-Lintas;2022;pn-kualasimpang
51;53/Pdt.P/2022/PN Ksp;Perbaikan Kesalahan Dalam Akta Kelahiran;2022;pn-kualasimpang
52;1699/Pid.LL/2022/PN Ksp;Perkara Lalu-Lintas;2022;pn-kualasimpang
53;52/Pdt.P/2022/PN Ksp;Perbaikan Kesalahan Dalam Akta Kelahiran;2022;pn-kualasimpang
54;1678/Pid.LL/2022/PN Ksp;Perkara Lalu-Lintas;2022;pn-kualasimpang
55;1658/Pid.LL/2022/PN Ksp;Perkara Lalu-Lintas;2022;pn-kualasimpang
56;1638/Pid.LL/2022/PN Ksp;Perkara Lalu-Lintas;2022;pn-kualasimpang
57;1618/Pid.LL/2022/PN Ksp;Perkara Lalu-Lintas;2022;pn-kualasimpang
58;1598/Pid.LL/2022/PN Ksp;Perkara Lalu-Lintas;2022;pn-kualasimpang
59;71/Pid.C/2022/PN Ksp;Pencurian;2022;pn-kualasimpang
60;1537/Pid.LL/2022/PN Ksp;Perkara Lalu-Lintas;2022;pn-kualasimpang
61;1557/Pid.LL/2022/PN Ksp;Perkara Lalu-Lintas;2022;pn-kualasimpang
62;1577/Pid.LL/2022/PN Ksp;Perkara Lalu-Lintas;2022;pn-kualasimpang
63;129/Pid.Sus/2022/PN Ksp;Narkotika;2022;pn-kualasimpang
64;1481/Pid.LL/2022/PN Ksp;Perkara Lalu-Lintas;2022;pn-kualasimpang
65;1461/Pid.LL/2022/PN Ksp;Perkara Lalu-Lintas;2022;pn-kualasimpang
66;1500/Pid.LL/2022/PN Ksp;Perkara Lalu-Lintas;2022;pn-kualasimpang
67;121/Pid.B/2022/PN Ksp;Penganiayaan;2022;pn-kualasimpang
68;1450/Pid.LL/2022/PN Ksp;Perkara Lalu-Lintas;2022;pn-kualasimpang
69;1430/Pid.LL/2022/PN Ksp;Perkara Lalu-Lintas;2022;pn-kualasimpang
70;1410/Pid.LL/2022/PN Ksp;Perkara Lalu-Lintas;2022;pn-kualasimpang
71;1408/Pid.LL/2022/PN Ksp;Perkara Lalu-Lintas;2022;pn-kualasimpang
72;1388/Pid.LL/2022/PN Ksp;Perkara Lalu-Lintas;2022;pn-kualasimpang
73;1368/Pid.LL/2022/PN Ksp;Perkara Lalu-Lintas;2022;pn-kualasimpang
74;1348/Pid.LL/2022/PN Ksp;Perkara Lalu-Lintas;2022;pn-kualasimpang
75;46/Pid.C/2022/PN Ksp;Pencurian;2022;pn-kualasimpang
76;1327/Pid.LL/2022/PN Ksp;Perkara Lalu-Lintas;2022;pn-kualasimpang
77;1312/Pid.LL/2022/PN Ksp;Perkara Lalu-Lintas;2022;pn-kualasimpang
78;1292/Pid.LL/2022/PN Ksp;Perkara Lalu-Lintas;2022;pn-kualasimpang
79;1276/Pid.LL/2022/PN Ksp;Perkara Lalu-Lintas;2022;pn-kualasimpang
80;1256/Pid.LL/2022/PN Ksp;Perkara Lalu-Lintas;2022;pn-kualasimpang
81;1236/Pid.LL/2022/PN Ksp;Perkara Lalu-Lintas;2022;pn-kualasimpang
82;96/Pid.Sus/2022/PN Ksp;Narkotika;2022;pn-kualasimpang
83;1217/Pid.LL/2022/PN Ksp;Perkara Lalu-Lintas;2022;pn-kualasimpang
84;1197/Pid.LL/2022/PN Ksp;Perkara Lalu-Lintas;2022;pn-kualasimpang
85;1177/Pid.LL/2022/PN Ksp;Perkara Lalu-Lintas;2022;pn-kualasimpang
86;1157/Pid.LL/2022/PN Ksp;Perkara Lalu-Lintas;2022;pn-kualasimpang
87;1137/Pid.LL/2022/PN Ksp;Perkara Lalu-Lintas;2022;pn-kualasimpang
88;1064/Pid.LL/2022/PN Ksp;Perkara Lalu-Lintas;2022;pn-kualasimpang
89;1084/Pid.LL/2022/PN Ksp;Perkara Lalu-Lintas;2022;pn-kualasimpang
90;1104/Pid.LL/2022/PN Ksp;Perkara Lalu-Lintas;2022;pn-kualasimpang
91;1124/Pid.LL/2022/PN Ksp;Perkara Lalu-Lintas;2022;pn-kualasimpang
92;1014/Pid.LL/2022/PN Ksp;Perkara Lalu-Lintas;2022;pn-kualasimpang
93;1034/Pid.LL/2022/PN Ksp;Perkara Lalu-Lintas;2022;pn-kualasimpang
94;1054/Pid.LL/2022/PN Ksp;Perkara Lalu-Lintas;2022;pn-kualasimpang
95;1001/Pid.LL/2022/PN Ksp;Perkara Lalu-Lintas;2022;pn-kualasimpang
96;981/Pid.LL/2022/PN Ksp;Perkara Lalu-Lintas;2022;pn-kualasimpang
97;961/Pid.LL/2022/PN Ksp;Perkara Lalu-Lintas;2022;pn-kualasimpang
98;72/Pid.Sus/2022/PN Ksp;Narkotika;2022;pn-kualasimpang
99;930/Pid.LL/2022/PN Ksp;Perkara Lalu-Lintas;2022;pn-kualasimpang
100;910/Pid.LL/2022/PN Ksp;Perkara Lalu-Lintas;2022;pn-kualasimpang
101;27/Pid.C/2022/PN Ksp;Pencurian;2022;pn-kualasimpang
102;875/Pid.LL/2022/PN Ksp;Perkara Lalu-Lintas;2022;pn-kualasimpang
103;855/Pid.LL/2022/PN Ksp;Perkara Lalu-Lintas;2022;pn-kualasimpang
104;835/Pid.LL/2022/PN Ksp;Perkara Lalu-Lintas;2022;pn-kualasimpang
105;815/Pid.LL/2022/PN Ksp;Perkara Lalu-Lintas;2022;pn-kualasimpang
106;805/Pid.LL/2022/PN Ksp;Perkara Lalu-Lintas;2022;pn-kualasimpang
107;785/Pid.LL/2022/PN Ksp;Perkara Lalu-Lintas;2022;pn-kualasimpang
108;765/Pid.LL/2022/PN Ksp;Perkara Lalu-Lintas;2022;pn-kualasimpang
109;745/Pid.LL/2022/PN Ksp;Perkara Lalu-Lintas;2022;pn-kualasimpang
110;699/Pid.LL/2022/PN Ksp;Perkara Lalu-Lintas;2022;pn-kualasimpang
111;719/Pid.LL/2022/PN Ksp;Perkara Lalu-Lintas;2022;pn-kualasimpang
112;60/Pid.Sus/2022/PN Ksp;Narkotika;2022;pn-kualasimpang
113;623/Pid.LL/2022/PN Ksp;Perkara Lalu-Lintas;2022;pn-kualasimpang
114;603/Pid.LL/2022/PN Ksp;Perkara Lalu-Lintas;2022;pn-kualasimpang
115;583/Pid.LL/2022/PN Ksp;Perkara Lalu-Lintas;2022;pn-kualasimpang
116;629/Pid.LL/2022/PN Ksp;Perkara Lalu-Lintas;2022;pn-kualasimpang
117;650/Pid.LL/2022/PN Ksp;Perkara Lalu-Lintas;2022;pn-kualasimpang
118;670/Pid.LL/2022/PN Ksp;Perkara Lalu-Lintas;2022;pn-kualasimpang
119;18/Pid.C/2022/PN Ksp;Pencurian;2022;pn-kualasimpang
120;548/Pid.LL/2022/PN Ksp;Perkara Lalu-Lintas;2022;pn-kualasimpang
121;528/Pid.LL/2022/PN Ksp;Perkara Lalu-Lintas;2022;pn-kualasimpang
122;508/Pid.LL/2022/PN Ksp;Perkara Lalu-Lintas;2022;pn-kualasimpang
123;488/Pid.LL/2022/PN Ksp;Perkara Lalu-Lintas;2022;pn-kualasimpang
124;468/Pid.LL/2022/PN Ksp;Perkara Lalu-Lintas;2022;pn-kualasimpang
125;448/Pid.LL/2022/PN Ksp;Perkara Lalu-Lintas;2022;pn-kualasimpang
126;428/Pid.LL/2022/PN Ksp;Perkara Lalu-Lintas;2022;pn-kualasimpang
127;11/Pdt.P/2022/PN Ksp;Permohonan Ganti Nama;2022;pn-kualasimpang
128;400/Pid.LL/2022/PN Ksp;Perkara Lalu-Lintas;2022;pn-kualasimpang
129;380/Pid.LL/2022/PN Ksp;Perkara Lalu-Lintas;2022;pn-kualasimpang
130;360/Pid.LL/2022/PN Ksp;Perkara Lalu-Lintas;2022;pn-kualasimpang
131;340/Pid.LL/2022/PN Ksp;Perkara Lalu-Lintas;2022;pn-kualasimpang
132;327/Pid.LL/2022/PN Ksp;Perkara Lalu-Lintas;2022;pn-kualasimpang
133;307/Pid.LL/2022/PN Ksp;Perkara Lalu-Lintas;2022;pn-kualasimpang
134;287/Pid.LL/2022/PN Ksp;Perkara Lalu-Lintas;2022;pn-kualasimpang
135;333/Pid.LL/2022/PN Ksp;Perkara Lalu-Lintas;2022;pn-kualasimpang
136;251/Pid.LL/2022/PN Ksp;Perkara Lalu-Lintas;2022;pn-kualasimpang
137;231/Pid.LL/2022/PN Ksp;Perkara Lalu-Lintas;2022;pn-kualasimpang
138;211/Pid.LL/2022/PN Ksp;Perkara Lalu-Lintas;2022;pn-kualasimpang
139;198/Pid.LL/2022/PN Ksp;Perkara Lalu-Lintas;2022;pn-kualasimpang
140;178/Pid.LL/2022/PN Ksp;Perkara Lalu-Lintas;2022;pn-kualasimpang
141;158/Pid.LL/2022/PN Ksp;Perkara Lalu-Lintas;2022;pn-kualasimpang
142;138/Pid.LL/2022/PN Ksp;Perkara Lalu-Lintas;2022;pn-kualasimpang
143;32/Pid.B/2022/PN Ksp;Pencurian;2022;pn-kualasimpang
144;117/Pid.LL/2022/PN Ksp;Perkara Lalu-Lintas;2022;pn-kualasimpang
145;97/Pid.LL/2022/PN Ksp;Perkara Lalu-Lintas;2022;pn-kualasimpang
146;77/Pid.LL/2022/PN Ksp;Perkara Lalu-Lintas;2022;pn-kualasimpang
147;17/Pid.B/2022/PN Ksp;Pencurian;2022;pn-kualasimpang
148;20/Pid.LL/2022/PN Ksp;Perkara Lalu-Lintas;2022;pn-kualasimpang
149;40/Pid.LL/2022/PN Ksp;Perkara Lalu-Lintas;2022;pn-kualasimpang
150;2/Pid.LL/2022/PN Ksp;Perkara Lalu-Lintas;2022;pn-kualasimpang
151;1/Pid.Sus/2022/PN Ksp;Narkotika;2022;pn-kualasimpang
152;2381/Pid.LL/2021/PN Ksp;Perkara Lalu-Lintas;2021;pn-kualasimpang
153;2361/Pid.LL/2021/PN Ksp;Perkara Lalu-Lintas;2021;pn-kualasimpang
154;2341/Pid.LL/2021/PN Ksp;Perkara Lalu-Lintas;2021;pn-kualasimpang
155;83/Pdt.P/2021/PN Ksp;Permohonan Ganti Nama;2021;pn-kualasimpang
156;2309/Pid.LL/2021/PN Ksp;Perkara Lalu-Lintas;2021;pn-kualasimpang
157;2289/Pid.LL/2021/PN Ksp;Perkara Lalu-Lintas;2021;pn-kualasimpang
158;2269/Pid.LL/2021/PN Ksp;Perkara Lalu-Lintas;2021;pn-kualasimpang
159;103/Pid.C/2021/PN Ksp;Pencurian;2021;pn-kualasimpang
160;2243/Pid.LL/2021/PN Ksp;Perkara Lalu-Lintas;2021;pn-kualasimpang
161;2154/Pid.LL/2021/PN Ksp;Perkara Lalu-Lintas;2021;pn-kualasimpang
162;2174/Pid.LL/2021/PN Ksp;Perkara Lalu-Lintas;2021;pn-kualasimpang
163;2194/Pid.LL/2021/PN Ksp;Perkara Lalu-Lintas;2021;pn-kualasimpang
164;2214/Pid.LL/2021/PN Ksp;Perkara Lalu-Lintas;2021;pn-kualasimpang
165;2234/Pid.LL/2021/PN Ksp;Perkara Lalu-Lintas;2021;pn-kualasimpang
166;2128/Pid.LL/2021/PN Ksp;Perkara Lalu-Lintas;2021;pn-kualasimpang
167;2108/Pid.LL/2021/PN Ksp;Perkara Lalu-Lintas;2021;pn-kualasimpang
168;2088/Pid.LL/2021/PN Ksp;Perkara Lalu-Lintas;2021;pn-kualasimpang
169;2068/Pid.LL/2021/PN Ksp;Perkara Lalu-Lintas;2021;pn-kualasimpang
170;2137/Pid.LL/2021/PN Ksp;Perkara Lalu-Lintas;2021;pn-kualasimpang
171;2047/Pid.LL/2021/PN Ksp;Perkara Lalu-Lintas;2021;pn-kualasimpang
172;2026/Pid.LL/2021/PN Ksp;Perkara Lalu-Lintas;2021;pn-kualasimpang
173;2006/Pid.LL/2021/PN Ksp;Perkara Lalu-Lintas;2021;pn-kualasimpang
174;1986/Pid.LL/2021/PN Ksp;Perkara Lalu-Lintas;2021;pn-kualasimpang
175;89/Pid.C/2021/PN Ksp;Pencurian;2021;pn-kualasimpang
176;1951/Pid.LL/2021/PN Ksp;Perkara Lalu-Lintas;2021;pn-kualasimpang
177;1931/Pid.LL/2021/PN Ksp;Perkara Lalu-Lintas;2021;pn-kualasimpang
178;1911/Pid.LL/2021/PN Ksp;Perkara Lalu-Lintas;2021;pn-kualasimpang
179;1898/Pid.LL/2021/PN Ksp;Perkara Lalu-Lintas;2021;pn-kualasimpang
180;1878/Pid.LL/2021/PN Ksp;Perkara Lalu-Lintas;2021;pn-kualasimpang
181;1858/Pid.LL/2021/PN Ksp;Perkara Lalu-Lintas;2021;pn-kualasimpang
182;1838/Pid.LL/2021/PN Ksp;Perkara Lalu-Lintas;2021;pn-kualasimpang
183;224/Pid.B/2021/PN Ksp;Pencurian;2021;pn-kualasimpang
184;1812/Pid.LL/2021/PN Ksp;Perkara Lalu-Lintas;2021;pn-kualasimpang
185;1792/Pid.LL/2021/PN Ksp;Perkara Lalu-Lintas;2021;pn-kualasimpang
186;1772/Pid.LL/2021/PN Ksp;Perkara Lalu-Lintas;2021;pn-kualasimpang
187;81/Pid.C/2021/PN Ksp;Pencurian;2021;pn-kualasimpang
188;1741/Pid.LL/2021/PN Ksp;Perkara Lalu-Lintas;2021;pn-kualasimpang
189;1721/Pid.LL/2021/PN Ksp;Perkara Lalu-Lintas;2021;pn-kualasimpang
190;1701/Pid.LL/2021/PN Ksp;Perkara Lalu-Lintas;2021;pn-kualasimpang
191;1681/Pid.LL/2021/PN Ksp;Perkara Lalu-Lintas;2021;pn-kualasimpang
192;78/Pid.C/2021/PN Ksp;Pencurian;2021;pn-kualasimpang
193;1653/Pid.LL/2021/PN Ksp;Perkara Lalu-Lintas;2021;pn-kualasimpang
194;1633/Pid.LL/2021/PN Ksp;Perkara Lalu-Lintas;2021;pn-kualasimpang
195;1613/Pid.LL/2021/PN Ksp;Perkara Lalu-Lintas;2021;pn-kualasimpang
196;1595/Pid.LL/2021/PN Ksp;Perkara Lalu-Lintas;2021;pn-kualasimpang
197;1575/Pid.LL/2021/PN Ksp;Perkara Lalu-Lintas;2021;pn-kualasimpang
198;1555/Pid.LL/2021/PN Ksp;Perkara Lalu-Lintas;2021;pn-kualasimpang
199;1535/Pid.LL/2021/PN Ksp;Perkara Lalu-Lintas;2021;pn-kualasimpang
200;1515/Pid.LL/2021/PN Ksp;Perkara Lalu-Lintas;2021;pn-kualasimpang
201;1495/Pid.LL/2021/PN Ksp;Perkara Lalu-Lintas;2021;pn-kualasimpang
202;1488/Pid.LL/2021/PN Ksp;Perkara Lalu-Lintas;2021;pn-kualasimpang
203;1468/Pid.LL/2021/PN Ksp;Perkara Lalu-Lintas;2021;pn-kualasimpang
204;1448/Pid.LL/2021/PN Ksp;Perkara Lalu-Lintas;2021;pn-kualasimpang
205;1432/Pid.LL/2021/PN Ksp;Perkara Lalu-Lintas;2021;pn-kualasimpang
206;1422/Pid.LL/2021/PN Ksp;Perkara Lalu-Lintas;2021;pn-kualasimpang
207;197/Pid.Sus/2021/PN Ksp;Narkotika;2021;pn-kualasimpang
208;1397/Pid.LL/2021/PN Ksp;Perkara Lalu-Lintas;2021;pn-kualasimpang
209;1377/Pid.LL/2021/PN Ksp;Perkara Lalu-Lintas;2021;pn-kualasimpang
210;1373/Pid.LL/2021/PN Ksp;Perkara Lalu-Lintas;2021;pn-kualasimpang
211;184/Pid.Sus/2021/PN Ksp;Narkotika;2021;pn-kualasimpang
212;1336/Pid.LL/2021/PN Ksp;Perkara Lalu-Lintas;2021;pn-kualasimpang
213;1323/Pid.LL/2021/PN Ksp;Perkara Lalu-Lintas;2021;pn-kualasimpang
214;1297/Pid.LL/2021/PN Ksp;Perkara Lalu-Lintas;2021;pn-kualasimpang
215;1286/Pid.LL/2021/PN Ksp;Perkara Lalu-Lintas;2021;pn-kualasimpang
216;167/Pid.Sus/2021/PN Ksp;Narkotika;2021;pn-kualasimpang
217;1265/Pid.LL/2021/PN Ksp;Perkara Lalu-Lintas;2021;pn-kualasimpang
218;1256/Pid.LL/2021/PN Ksp;Perkara Lalu-Lintas;2021;pn-kualasimpang
219;48/Pdt.P/2021/PN Ksp;Pengangkatan Wali Bagi Anak;2021;pn-kualasimpang
220;1230/Pid.LL/2021/PN Ksp;Perkara Lalu-Lintas;2021;pn-kualasimpang
221;1216/Pid.LL/2021/PN Ksp;Perkara Lalu-Lintas;2021;pn-kualasimpang
222;1196/Pid.LL/2021/PN Ksp;Perkara Lalu-Lintas;2021;pn-kualasimpang
223;1181/Pid.LL/2021/PN Ksp;Perkara Lalu-Lintas;2021;pn-kualasimpang
224;146/Pid.Sus/2021/PN Ksp;Narkotika;2021;pn-kualasimpang
225;1148/Pid.LL/2021/PN Ksp;Perkara Lalu-Lintas;2021;pn-kualasimpang
226;1128/Pid.LL/2021/PN Ksp;Perkara Lalu-Lintas;2021;pn-kualasimpang
227;1108/Pid.LL/2021/PN Ksp;Perkara Lalu-Lintas;2021;pn-kualasimpang
228;142/Pid.Sus/2021/PN Ksp;Narkotika;2021;pn-kualasimpang
229;1076/Pid.LL/2021/PN Ksp;Perkara Lalu-Lintas;2021;pn-kualasimpang
230;1056/Pid.LL/2021/PN Ksp;Perkara Lalu-Lintas;2021;pn-kualasimpang
231;1036/Pid.LL/2021/PN Ksp;Perkara Lalu-Lintas;2021;pn-kualasimpang
232;1021/Pid.LL/2021/PN Ksp;Perkara Lalu-Lintas;2021;pn-kualasimpang
233;1001/Pid.LL/2021/PN Ksp;Perkara Lalu-Lintas;2021;pn-kualasimpang
234;981/Pid.LL/2021/PN Ksp;Perkara Lalu-Lintas;2021;pn-kualasimpang
235;961/Pid.LL/2021/PN Ksp;Perkara Lalu-Lintas;2021;pn-kualasimpang
236;123/Pid.B/2021/PN Ksp;Pencurian;2021;pn-kualasimpang
237;946/Pid.LL/2021/PN Ksp;Perkara Lalu-Lintas;2021;pn-kualasimpang
238;926/Pid.LL/2021/PN Ksp;Perkara Lalu-Lintas;2021;pn-kualasimpang
239;115/Pid.Sus/2021/PN Ksp;Narkotika;2021;pn-kualasimpang
240;894/Pid.LL/2021/PN Ksp;Perkara Lalu-Lintas;2021;pn-kualasimpang
241;877/Pid.LL/2021/PN Ksp;Perkara Lalu-Lintas;2021;pn-kualasimpang
242;864/Pid.LL/2021/PN Ksp;Perkara Lalu-Lintas;2021;pn-kualasimpang
243;29/Pdt.P/2021/PN Ksp;Perbaikan Kesalahan Dalam Akta Kelahiran;2021;pn-kualasimpang
244;836/Pid.LL/2021/PN Ksp;Perkara Lalu-Lintas;2021;pn-kualasimpang
245;816/Pid.LL/2021/PN Ksp;Perkara Lalu-Lintas;2021;pn-kualasimpang
246;796/Pid.LL/2021/PN Ksp;Perkara Lalu-Lintas;2021;pn-kualasimpang
247;776/Pid.LL/2021/PN Ksp;Perkara Lalu-Lintas;2021;pn-kualasimpang
248;96/Pid.Sus/2021/PN Ksp;Narkotika;2021;pn-kualasimpang
249;747/Pid.LL/2021/PN Ksp;Perkara Lalu-Lintas;2021;pn-kualasimpang
250;727/Pid.LL/2021/PN Ksp;Perkara Lalu-Lintas;2021;pn-kualasimpang
251;707/Pid.LL/2021/PN Ksp;Perkara Lalu-Lintas;2021;pn-kualasimpang
252;92/Pid.Sus/2021/PN Ksp;Narkotika;2021;pn-kualasimpang
253;680/Pid.LL/2021/PN Ksp;Perkara Lalu-Lintas;2021;pn-kualasimpang
254;660/Pid.LL/2021/PN Ksp;Perkara Lalu-Lintas;2021;pn-kualasimpang
255;19/Pid.C/2021/PN Ksp;Pencurian;2021;pn-kualasimpang
256;632/Pid.LL/2021/PN Ksp;Perkara Lalu-Lintas;2021;pn-kualasimpang
257;612/Pid.LL/2021/PN Ksp;Perkara Lalu-Lintas;2021;pn-kualasimpang
258;592/Pid.LL/2021/PN Ksp;Perkara Lalu-Lintas;2021;pn-kualasimpang
259;572/Pid.LL/2021/PN Ksp;Perkara Lalu-Lintas;2021;pn-kualasimpang
260;558/Pid.LL/2021/PN Ksp;Perkara Lalu-Lintas;2021;pn-kualasimpang
261;538/Pid.LL/2021/PN Ksp;Perkara Lalu-Lintas;2021;pn-kualasimpang
262;527/Pid.LL/2021/PN Ksp;Perkara Lalu-Lintas;2021;pn-kualasimpang
263;490/Pid.LL/2021/PN Ksp;Perkara Lalu-Lintas;2021;pn-kualasimpang
264;510/Pid.LL/2021/PN Ksp;Perkara Lalu-Lintas;2021;pn-kualasimpang
265;463/Pid.LL/2021/PN Ksp;Perkara Lalu-Lintas;2021;pn-kualasimpang
266;485/Pid.LL/2021/PN Ksp;Perkara Lalu-Lintas;2021;pn-kualasimpang
267;453/Pid.LL/2021/PN Ksp;Perkara Lalu-Lintas;2021;pn-kualasimpang
268;433/Pid.LL/2021/PN Ksp;Perkara Lalu-Lintas;2021;pn-kualasimpang
269;413/Pid.LL/2021/PN Ksp;Perkara Lalu-Lintas;2021;pn-kualasimpang
270;393/Pid.LL/2021/PN Ksp;Perkara Lalu-Lintas;2021;pn-kualasimpang
271;53/Pid.Sus/2021/PN Ksp;Narkotika;2021;pn-kualasimpang
272;364/Pid.LL/2021/PN Ksp;Perkara Lalu-Lintas;2021;pn-kualasimpang
273;47/Pid.Sus/2021/PN Ksp;Narkotika;2021;pn-kualasimpang
274;333/Pid.LL/2021/PN Ksp;Perkara Lalu-Lintas;2021;pn-kualasimpang
275;318/Pid.LL/2021/PN Ksp;Perkara Lalu-Lintas;2021;pn-kualasimpang
276;37/Pid.B/2021/PN Ksp;Penadahan, Penerbitan, dan Pencetakan;2021;pn-kualasimpang
277;292/Pid.LL/2021/PN Ksp;Perkara Lalu-Lintas;2021;pn-kualasimpang
278;276/Pid.LL/2021/PN Ksp;Perkara Lalu-Lintas;2021;pn-kualasimpang
279;256/Pid.LL/2021/PN Ksp;Perkara Lalu-Lintas;2021;pn-kualasimpang
280;4/Pid.C/2021/PN Ksp;Pencurian;2021;pn-kualasimpang
281;21/Pid.B/2021/PN Ksp;Penadahan, Penerbitan, dan Pencetakan;2021;pn-kualasimpang
282;5/Pdt.P/2021/PN Ksp;Perbaikan Kesalahan Dalam Akta Kelahiran;2021;pn-kualasimpang
283;208/Pid.LL/2021/PN Ksp;Perkara Lalu-Lintas;2021;pn-kualasimpang
284;194/Pid.LL/2021/PN Ksp;Perkara Lalu-Lintas;2021;pn-kualasimpang
285;174/Pid.LL/2021/PN Ksp;Perkara Lalu-Lintas;2021;pn-kualasimpang
286;154/Pid.LL/2021/PN Ksp;Perkara Lalu-Lintas;2021;pn-kualasimpang
287;134/Pid.LL/2021/PN Ksp;Perkara Lalu-Lintas;2021;pn-kualasimpang
288;114/Pid.LL/2021/PN Ksp;Perkara Lalu-Lintas;2021;pn-kualasimpang
289;94/Pid.LL/2021/PN Ksp;Perkara Lalu-Lintas;2021;pn-kualasimpang
290;74/Pid.LL/2021/PN Ksp;Perkara Lalu-Lintas;2021;pn-kualasimpang
291;54/Pid.LL/2021/PN Ksp;Perkara Lalu-Lintas;2021;pn-kualasimpang
292;34/Pid.LL/2021/PN Ksp;Perkara Lalu-Lintas;2021;pn-kualasimpang
293;14/Pid.LL/2021/PN Ksp;Perkara Lalu-Lintas;2021;pn-kualasimpang
294;265/Pid.Sus/2020/PN Ksp;Narkotika;2020;pn-kualasimpang
295;2899/Pid.LL/2020/PN Ksp;Perkara Lalu-Lintas;2020;pn-kualasimpang
296;2879/Pid.LL/2020/PN Ksp;Perkara Lalu-Lintas;2020;pn-kualasimpang
297;2859/Pid.LL/2020/PN Ksp;Perkara Lalu-Lintas;2020;pn-kualasimpang
298;2839/Pid.LL/2020/PN Ksp;Perkara Lalu-Lintas;2020;pn-kualasimpang
299;2819/Pid.LL/2020/PN Ksp;Perkara Lalu-Lintas;2020;pn-kualasimpang
300;2799/Pid.LL/2020/PN Ksp;Perkara Lalu-Lintas;2020;pn-kualasimpang
301;2782/Pid.LL/2020/PN Ksp;Perkara Lalu-Lintas;2020;pn-kualasimpang
302;2762/Pid.LL/2020/PN Ksp;Perkara Lalu-Lintas;2020;pn-kualasimpang
303;2742/Pid.LL/2020/PN Ksp;Perkara Lalu-Lintas;2020;pn-kualasimpang
304;2722/Pid.LL/2020/PN Ksp;Perkara Lalu-Lintas;2020;pn-kualasimpang
305;2711/Pid.LL/2020/PN Ksp;Perkara Lalu-Lintas;2020;pn-kualasimpang
306;2691/Pid.LL/2020/PN Ksp;Perkara Lalu-Lintas;2020;pn-kualasimpang
307;2671/Pid.LL/2020/PN Ksp;Perkara Lalu-Lintas;2020;pn-kualasimpang
308;2651/Pid.LL/2020/PN Ksp;Perkara Lalu-Lintas;2020;pn-kualasimpang
309;2631/Pid.LL/2020/PN Ksp;Perkara Lalu-Lintas;2020;pn-kualasimpang
310;252/Pid.B/2020/PN Ksp;Penadahan, Penerbitan, dan Pencetakan;2020;pn-kualasimpang
311;2516/Pid.LL/2020/PN Ksp;Perkara Lalu-Lintas;2020;pn-kualasimpang
312;2536/Pid.LL/2020/PN Ksp;Perkara Lalu-Lintas;2020;pn-kualasimpang
313;2556/Pid.LL/2020/PN Ksp;Perkara Lalu-Lintas;2020;pn-kualasimpang
314;2576/Pid.LL/2020/PN Ksp;Perkara Lalu-Lintas;2020;pn-kualasimpang
315;2596/Pid.LL/2020/PN Ksp;Perkara Lalu-Lintas;2020;pn-kualasimpang
316;2504/Pid.LL/2020/PN Ksp;Perkara Lalu-Lintas;2020;pn-kualasimpang
317;2484/Pid.LL/2020/PN Ksp;Perkara Lalu-Lintas;2020;pn-kualasimpang
318;2464/Pid.LL/2020/PN Ksp;Perkara Lalu-Lintas;2020;pn-kualasimpang
319;2444/Pid.LL/2020/PN Ksp;Perkara Lalu-Lintas;2020;pn-kualasimpang
320;2424/Pid.LL/2020/PN Ksp;Perkara Lalu-Lintas;2020;pn-kualasimpang
321;2404/Pid.LL/2020/PN Ksp;Perkara Lalu-Lintas;2020;pn-kualasimpang
322;2384/Pid.LL/2020/PN Ksp;Perkara Lalu-Lintas;2020;pn-kualasimpang
323;2364/Pid.LL/2020/PN Ksp;Perkara Lalu-Lintas;2020;pn-kualasimpang
324;2344/Pid.LL/2020/PN Ksp;Perkara Lalu-Lintas;2020;pn-kualasimpang
325;2324/Pid.LL/2020/PN Ksp;Perkara Lalu-Lintas;2020;pn-kualasimpang
326;2304/Pid.LL/2020/PN Ksp;Perkara Lalu-Lintas;2020;pn-kualasimpang
327;2284/Pid.LL/2020/PN Ksp;Perkara Lalu-Lintas;2020;pn-kualasimpang
328;2271/Pid.LL/2020/PN Ksp;Perkara Lalu-Lintas;2020;pn-kualasimpang
329;2251/Pid.LL/2020/PN Ksp;Perkara Lalu-Lintas;2020;pn-kualasimpang
330;2231/Pid.LL/2020/PN Ksp;Perkara Lalu-Lintas;2020;pn-kualasimpang
331;2211/Pid.LL/2020/PN Ksp;Perkara Lalu-Lintas;2020;pn-kualasimpang
332;2191/Pid.LL/2020/PN Ksp;Perkara Lalu-Lintas;2020;pn-kualasimpang
333;2171/Pid.LL/2020/PN Ksp;Perkara Lalu-Lintas;2020;pn-kualasimpang
334;2151/Pid.LL/2020/PN Ksp;Perkara Lalu-Lintas;2020;pn-kualasimpang
335;2131/Pid.LL/2020/PN Ksp;Perkara Lalu-Lintas;2020;pn-kualasimpang
336;2111/Pid.LL/2020/PN Ksp;Perkara Lalu-Lintas;2020;pn-kualasimpang
337;2091/Pid.LL/2020/PN Ksp;Perkara Lalu-Lintas;2020;pn-kualasimpang
338;2071/Pid.LL/2020/PN Ksp;Perkara Lalu-Lintas;2020;pn-kualasimpang
339;2051/Pid.LL/2020/PN Ksp;Perkara Lalu-Lintas;2020;pn-kualasimpang
340;2031/Pid.LL/2020/PN Ksp;Perkara Lalu-Lintas;2020;pn-kualasimpang
341;2011/Pid.LL/2020/PN Ksp;Perkara Lalu-Lintas;2020;pn-kualasimpang
342;1994/Pid.LL/2020/PN Ksp;Perkara Lalu-Lintas;2020;pn-kualasimpang
343;1974/Pid.LL/2020/PN Ksp;Perkara Lalu-Lintas;2020;pn-kualasimpang
344;1956/Pid.LL/2020/PN Ksp;Perkara Lalu-Lintas;2020;pn-kualasimpang
345;1936/Pid.LL/2020/PN Ksp;Perkara Lalu-Lintas;2020;pn-kualasimpang
346;49/Pdt.P/2020/PN Ksp;Perbaikan Kesalahan Dalam Akta Kelahiran;2020;pn-kualasimpang
347;1906/Pid.LL/2020/PN Ksp;Perkara Lalu-Lintas;2020;pn-kualasimpang
348;1886/Pid.LL/2020/PN Ksp;Perkara Lalu-Lintas;2020;pn-kualasimpang
349;230/Pid.Sus/2020/PN Ksp;Narkotika;2020;pn-kualasimpang
350;1859/Pid.LL/2020/PN Ksp;Perkara Lalu-Lintas;2020;pn-kualasimpang
351;44/Pdt.P/2020/PN Ksp;Akta Kematian;2020;pn-kualasimpang
352;1845/Pid.LL/2020/PN Ksp;Perkara Lalu-Lintas;2020;pn-kualasimpang
353;208/Pid.Sus/2020/PN Ksp;Narkotika;2020;pn-kualasimpang
354;1810/Pid.LL/2020/PN Ksp;Perkara Lalu-Lintas;2020;pn-kualasimpang
355;1804/Pid.LL/2020/PN Ksp;Perkara Lalu-Lintas;2020;pn-kualasimpang
356;1784/Pid.LL/2020/PN Ksp;Perkara Lalu-Lintas;2020;pn-kualasimpang
357;188/Pid.Sus/2020/PN Ksp;Narkotika;2020;pn-kualasimpang
358;1753/Pid.LL/2020/PN Ksp;Perkara Lalu-Lintas;2020;pn-kualasimpang
359;1733/Pid.LL/2020/PN Ksp;Perkara Lalu-Lintas;2020;pn-kualasimpang
360;1713/Pid.LL/2020/PN Ksp;Perkara Lalu-Lintas;2020;pn-kualasimpang
361;34/Pdt.P/2020/PN Ksp;Permohonan Ganti Nama;2020;pn-kualasimpang
362;1615/Pid.LL/2020/PN Ksp;Perkara Lalu-Lintas;2020;pn-kualasimpang
363;1635/Pid.LL/2020/PN Ksp;Perkara Lalu-Lintas;2020;pn-kualasimpang
364;1655/Pid.LL/2020/PN Ksp;Perkara Lalu-Lintas;2020;pn-kualasimpang
365;1675/Pid.LL/2020/PN Ksp;Perkara Lalu-Lintas;2020;pn-kualasimpang
366;1695/Pid.LL/2020/PN Ksp;Perkara Lalu-Lintas;2020;pn-kualasimpang
367;1583/Pid.LL/2020/PN Ksp;Perkara Lalu-Lintas;2020;pn-kualasimpang
368;1563/Pid.LL/2020/PN Ksp;Perkara Lalu-Lintas;2020;pn-kualasimpang
369;1543/Pid.LL/2020/PN Ksp;Perkara Lalu-Lintas;2020;pn-kualasimpang
370;1523/Pid.LL/2020/PN Ksp;Perkara Lalu-Lintas;2020;pn-kualasimpang
371;1503/Pid.LL/2020/PN Ksp;Perkara Lalu-Lintas;2020;pn-kualasimpang
372;1483/Pid.LL/2020/PN Ksp;Perkara Lalu-Lintas;2020;pn-kualasimpang
373;1465/Pid.LL/2020/PN Ksp;Perkara Lalu-Lintas;2020;pn-kualasimpang
374;1445/Pid.LL/2020/PN Ksp;Perkara Lalu-Lintas;2020;pn-kualasimpang
375;1425/Pid.LL/2020/PN Ksp;Perkara Lalu-Lintas;2020;pn-kualasimpang
376;1405/Pid.LL/2020/PN Ksp;Perkara Lalu-Lintas;2020;pn-kualasimpang
377;1385/Pid.LL/2020/PN Ksp;Perkara Lalu-Lintas;2020;pn-kualasimpang
378;1365/Pid.LL/2020/PN Ksp;Perkara Lalu-Lintas;2020;pn-kualasimpang
379;1345/Pid.LL/2020/PN Ksp;Perkara Lalu-Lintas;2020;pn-kualasimpang
380;1325/Pid.LL/2020/PN Ksp;Perkara Lalu-Lintas;2020;pn-kualasimpang
381;1305/Pid.LL/2020/PN Ksp;Perkara Lalu-Lintas;2020;pn-kualasimpang
382;1477/Pid.LL/2020/PN Ksp;Perkara Lalu-Lintas;2020;pn-kualasimpang
383;1269/Pid.LL/2020/PN Ksp;Perkara Lalu-Lintas;2020;pn-kualasimpang
384;1249/Pid.LL/2020/PN Ksp;Perkara Lalu-Lintas;2020;pn-kualasimpang
385;1229/Pid.LL/2020/PN Ksp;Perkara Lalu-Lintas;2020;pn-kualasimpang
386;1216/Pid.LL/2020/PN Ksp;Perkara Lalu-Lintas;2020;pn-kualasimpang
387;1207/Pid.LL/2020/PN Ksp;Perkara Lalu-Lintas;2020;pn-kualasimpang
388;1198/Pid.LL/2020/PN Ksp;Perkara Lalu-Lintas;2020;pn-kualasimpang
389;25/Pdt.P/2020/PN Ksp;Permohonan Ganti Nama;2020;pn-kualasimpang
390;8/Pid.C/2020/PN Ksp;Pencurian;2020;pn-kualasimpang
391;109/Pid.Sus/2020/PN Ksp;Narkotika;2020;pn-kualasimpang
392;93/Pid.B/2020/PN Ksp;Penggelapan ;2020;pn-kualasimpang
393;1186/Pid.LL/2020/PN Ksp;Perkara Lalu-Lintas;2020;pn-kualasimpang
394;82/Pid.B/2020/PN Ksp;Pencurian;2020;pn-kualasimpang
395;1156/Pid.LL/2020/PN Ksp;Perkara Lalu-Lintas;2020;pn-kualasimpang
396;1142/Pid.LL/2020/PN Ksp;Perkara Lalu-Lintas;2020;pn-kualasimpang
397;1121/Pid.LL/2020/PN Ksp;Perkara Lalu-Lintas;2020;pn-kualasimpang
398;1101/Pid.LL/2020/PN Ksp;Perkara Lalu-Lintas;2020;pn-kualasimpang
399;1081/Pid.LL/2020/PN Ksp;Perkara Lalu-Lintas;2020;pn-kualasimpang
400;1064/Pid.LL/2020/PN Ksp;Perkara Lalu-Lintas;2020;pn-kualasimpang
401;1044/Pid.LL/2020/PN Ksp;Perkara Lalu-Lintas;2020;pn-kualasimpang
402;1024/Pid.LL/2020/PN Ksp;Perkara Lalu-Lintas;2020;pn-kualasimpang
403;1004/Pid.LL/2020/PN Ksp;Perkara Lalu-Lintas;2020;pn-kualasimpang
404;984/Pid.LL/2020/PN Ksp;Perkara Lalu-Lintas;2020;pn-kualasimpang
405;1080/Pid.LL/2020/PN Ksp;Perkara Lalu-Lintas;2020;pn-kualasimpang
406;950/Pid.LL/2020/PN Ksp;Perkara Lalu-Lintas;2020;pn-kualasimpang
407;930/Pid.LL/2020/PN Ksp;Perkara Lalu-Lintas;2020;pn-kualasimpang
408;813/Pid.LL/2020/PN Ksp;Perkara Lalu-Lintas;2020;pn-kualasimpang
409;833/Pid.LL/2020/PN Ksp;Perkara Lalu-Lintas;2020;pn-kualasimpang
410;853/Pid.LL/2020/PN Ksp;Perkara Lalu-Lintas;2020;pn-kualasimpang
411;873/Pid.LL/2020/PN Ksp;Perkara Lalu-Lintas;2020;pn-kualasimpang
412;893/Pid.LL/2020/PN Ksp;Perkara Lalu-Lintas;2020;pn-kualasimpang
413;18/Pdt.P/2020/PN Ksp;Perbaikan Kesalahan Dalam Akta Kelahiran;2020;pn-kualasimpang
414;752/Pid.LL/2020/PN Ksp;Perkara Lalu-Lintas;2020;pn-kualasimpang
415;732/Pid.LL/2020/PN Ksp;Perkara Lalu-Lintas;2020;pn-kualasimpang
416;712/Pid.LL/2020/PN Ksp;Perkara Lalu-Lintas;2020;pn-kualasimpang
417;692/Pid.LL/2020/PN Ksp;Perkara Lalu-Lintas;2020;pn-kualasimpang
418;672/Pid.LL/2020/PN Ksp;Perkara Lalu-Lintas;2020;pn-kualasimpang
419;790/Pid.LL/2020/PN Ksp;Perkara Lalu-Lintas;2020;pn-kualasimpang
420;810/Pid.LL/2020/PN Ksp;Perkara Lalu-Lintas;2020;pn-kualasimpang
421;668/Pid.LL/2020/PN Ksp;Perkara Lalu-Lintas;2020;pn-kualasimpang
422;648/Pid.LL/2020/PN Ksp;Perkara Lalu-Lintas;2020;pn-kualasimpang
423;628/Pid.LL/2020/PN Ksp;Perkara Lalu-Lintas;2020;pn-kualasimpang
424;608/Pid.LL/2020/PN Ksp;Perkara Lalu-Lintas;2020;pn-kualasimpang
425;588/Pid.LL/2020/PN Ksp;Perkara Lalu-Lintas;2020;pn-kualasimpang
426;568/Pid.LL/2020/PN Ksp;Perkara Lalu-Lintas;2020;pn-kualasimpang
427;548/Pid.LL/2020/PN Ksp;Perkara Lalu-Lintas;2020;pn-kualasimpang
428;528/Pid.LL/2020/PN Ksp;Perkara Lalu-Lintas;2020;pn-kualasimpang
429;508/Pid.LL/2020/PN Ksp;Perkara Lalu-Lintas;2020;pn-kualasimpang
430;488/Pid.LL/2020/PN Ksp;Perkara Lalu-Lintas;2020;pn-kualasimpang
431;468/Pid.LL/2020/PN Ksp;Perkara Lalu-Lintas;2020;pn-kualasimpang
432;448/Pid.LL/2020/PN Ksp;Perkara Lalu-Lintas;2020;pn-kualasimpang
433;428/Pid.LL/2020/PN Ksp;Perkara Lalu-Lintas;2020;pn-kualasimpang
434;11/Pdt.P/2020/PN Ksp;Permohonan Ganti Nama;2020;pn-kualasimpang
435;410/Pid.LL/2020/PN Ksp;Perkara Lalu-Lintas;2020;pn-kualasimpang
436;390/Pid.LL/2020/PN Ksp;Perkara Lalu-Lintas;2020;pn-kualasimpang
437;370/Pid.LL/2020/PN Ksp;Perkara Lalu-Lintas;2020;pn-kualasimpang
438;350/Pid.LL/2020/PN Ksp;Perkara Lalu-Lintas;2020;pn-kualasimpang
439;330/Pid.LL/2020/PN Ksp;Perkara Lalu-Lintas;2020;pn-kualasimpang
440;310/Pid.LL/2020/PN Ksp;Perkara Lalu-Lintas;2020;pn-kualasimpang
441;301/Pid.LL/2020/PN Ksp;Perkara Lalu-Lintas;2020;pn-kualasimpang
442;281/Pid.LL/2020/PN Ksp;Perkara Lalu-Lintas;2020;pn-kualasimpang
443;8/Pdt.P/2020/PN Ksp;Perbaikan Kesalahan Dalam Akta Kelahiran;2020;pn-kualasimpang
444;255/Pid.LL/2020/PN Ksp;Perkara Lalu-Lintas;2020;pn-kualasimpang
445;235/Pid.LL/2020/PN Ksp;Perkara Lalu-Lintas;2020;pn-kualasimpang
446;215/Pid.LL/2020/PN Ksp;Perkara Lalu-Lintas;2020;pn-kualasimpang
447;195/Pid.LL/2020/PN Ksp;Perkara Lalu-Lintas;2020;pn-kualasimpang
448;175/Pid.LL/2020/PN Ksp;Perkara Lalu-Lintas;2020;pn-kualasimpang
449;155/Pid.LL/2020/PN Ksp;Perkara Lalu-Lintas;2020;pn-kualasimpang
450;135/Pid.LL/2020/PN Ksp;Perkara Lalu-Lintas;2020;pn-kualasimpang
451;115/Pid.LL/2020/PN Ksp;Perkara Lalu-Lintas;2020;pn-kualasimpang
452;26/Pid.Sus/2020/PN Ksp;Narkotika;2020;pn-kualasimpang
453;76/Pid.LL/2020/PN Ksp;Perkara Lalu-Lintas;2020;pn-kualasimpang
454;56/Pid.LL/2020/PN Ksp;Perkara Lalu-Lintas;2020;pn-kualasimpang
455;50/Pid.LL/2020/PN Ksp;Perkara Lalu-Lintas;2020;pn-kualasimpang
456;30/Pid.LL/2020/PN Ksp;Perkara Lalu-Lintas;2020;pn-kualasimpang
457;10/Pid.LL/2020/PN Ksp;Perkara Lalu-Lintas;2020;pn-kualasimpang
458;8/Pid.B/2020/PN Ksp;Penadahan, Penerbitan, dan Pencetakan;2020;pn-kualasimpang
459;2568/Pid.LL/2019/PN Ksp;Perkara Lalu-Lintas;2019;pn-kualasimpang
460;2548/Pid.LL/2019/PN Ksp;Perkara Lalu-Lintas;2019;pn-kualasimpang
461;2485/Pid.LL/2019/PN Ksp;Perkara Lalu-Lintas;2019;pn-kualasimpang
462;2505/Pid.LL/2019/PN Ksp;Perkara Lalu-Lintas;2019;pn-kualasimpang
463;2525/Pid.LL/2019/PN Ksp;Perkara Lalu-Lintas;2019;pn-kualasimpang
464;2471/Pid.LL/2019/PN Ksp;Perkara Lalu-Lintas;2019;pn-kualasimpang
465;2461/Pid.LL/2019/PN Ksp;Perkara Lalu-Lintas;2019;pn-kualasimpang
466;2442/Pid.LL/2019/PN Ksp;Perkara Lalu-Lintas;2019;pn-kualasimpang
467;340/Pid.Sus/2019/PN Ksp;Narkotika;2019;pn-kualasimpang
468;341/Pid.B/2019/PN Ksp;Pencurian;2019;pn-kualasimpang
469;70/Pdt.P/2019/PN Ksp;Permohonan Ganti Nama;2019;pn-kualasimpang
470;2399/Pid.LL/2019/PN Ksp;Perkara Lalu-Lintas;2019;pn-kualasimpang
471;2383/Pid.LL/2019/PN Ksp;Perkara Lalu-Lintas;2019;pn-kualasimpang
472;2363/Pid.LL/2019/PN Ksp;Perkara Lalu-Lintas;2019;pn-kualasimpang
473;2343/Pid.LL/2019/PN Ksp;Perkara Lalu-Lintas;2019;pn-kualasimpang
474;2323/Pid.LL/2019/PN Ksp;Perkara Lalu-Lintas;2019;pn-kualasimpang
475;2306/Pid.LL/2019/PN Ksp;Perkara Lalu-Lintas;2019;pn-kualasimpang
476;2286/Pid.LL/2019/PN Ksp;Perkara Lalu-Lintas;2019;pn-kualasimpang
477;2266/Pid.LL/2019/PN Ksp;Perkara Lalu-Lintas;2019;pn-kualasimpang
478;2246/Pid.LL/2019/PN Ksp;Perkara Lalu-Lintas;2019;pn-kualasimpang
479;2226/Pid.LL/2019/PN Ksp;Perkara Lalu-Lintas;2019;pn-kualasimpang
480;2206/Pid.LL/2019/PN Ksp;Perkara Lalu-Lintas;2019;pn-kualasimpang
481;2186/Pid.LL/2019/PN Ksp;Perkara Lalu-Lintas;2019;pn-kualasimpang
482;2166/Pid.LL/2019/PN Ksp;Perkara Lalu-Lintas;2019;pn-kualasimpang
483;2146/Pid.LL/2019/PN Ksp;Perkara Lalu-Lintas;2019;pn-kualasimpang
484;2126/Pid.LL/2019/PN Ksp;Perkara Lalu-Lintas;2019;pn-kualasimpang
485;2114/Pid.LL/2019/PN Ksp;Perkara Lalu-Lintas;2019;pn-kualasimpang
486;2094/Pid.LL/2019/PN Ksp;Perkara Lalu-Lintas;2019;pn-kualasimpang
487;2074/Pid.LL/2019/PN Ksp;Perkara Lalu-Lintas;2019;pn-kualasimpang
488;2066/Pid.LL/2019/PN Ksp;Perkara Lalu-Lintas;2019;pn-kualasimpang
489;2046/Pid.LL/2019/PN Ksp;Perkara Lalu-Lintas;2019;pn-kualasimpang
490;2026/Pid.LL/2019/PN Ksp;Perkara Lalu-Lintas;2019;pn-kualasimpang
491;297/Pid.B/2019/PN Ksp;Pencurian;2019;pn-kualasimpang
492;1997/Pid.LL/2019/PN Ksp;Perkara Lalu-Lintas;2019;pn-kualasimpang
493;1977/Pid.LL/2019/PN Ksp;Perkara Lalu-Lintas;2019;pn-kualasimpang
494;1968/Pid.LL/2019/PN Ksp;Perkara Lalu-Lintas;2019;pn-kualasimpang
495;1948/Pid.LL/2019/PN Ksp;Perkara Lalu-Lintas;2019;pn-kualasimpang
496;1934/Pid.LL/2019/PN Ksp;Perkara Lalu-Lintas;2019;pn-kualasimpang
497;1914/Pid.LL/2019/PN Ksp;Perkara Lalu-Lintas;2019;pn-kualasimpang
498;12/Pdt.G.S/2019/PN Ksp;Wanprestasi;2019;pn-kualasimpang
499;1890/Pid.LL/2019/PN Ksp;Perkara Lalu-Lintas;2019;pn-kualasimpang
500;1870/Pid.LL/2019/PN Ksp;Perkara Lalu-Lintas;2019;pn-kualasimpang
501;55/Pdt.P/2019/PN Ksp;Perbaikan Kesalahan Dalam Akta Kelahiran;2019;pn-kualasimpang
502;1547/Pid.LL/2019/PN Ksp;Perkara Lalu-Lintas;2019;pn-kualasimpang
503;1573/Pid.LL/2019/PN Ksp;Perkara Lalu-Lintas;2019;pn-kualasimpang
504;1593/Pid.LL/2019/PN Ksp;Perkara Lalu-Lintas;2019;pn-kualasimpang
505;1613/Pid.LL/2019/PN Ksp;Perkara Lalu-Lintas;2019;pn-kualasimpang
506;1633/Pid.LL/2019/PN Ksp;Perkara Lalu-Lintas;2019;pn-kualasimpang
507;1653/Pid.LL/2019/PN Ksp;Perkara Lalu-Lintas;2019;pn-kualasimpang
508;1673/Pid.LL/2019/PN Ksp;Perkara Lalu-Lintas;2019;pn-kualasimpang
509;1693/Pid.LL/2019/PN Ksp;Perkara Lalu-Lintas;2019;pn-kualasimpang
510;1713/Pid.LL/2019/PN Ksp;Perkara Lalu-Lintas;2019;pn-kualasimpang
511;1733/Pid.LL/2019/PN Ksp;Perkara Lalu-Lintas;2019;pn-kualasimpang
512;1753/Pid.LL/2019/PN Ksp;Perkara Lalu-Lintas;2019;pn-kualasimpang
513;1773/Pid.LL/2019/PN Ksp;Perkara Lalu-Lintas;2019;pn-kualasimpang
514;1793/Pid.LL/2019/PN Ksp;Perkara Lalu-Lintas;2019;pn-kualasimpang
515;1813/Pid.LL/2019/PN Ksp;Perkara Lalu-Lintas;2019;pn-kualasimpang
516;1833/Pid.LL/2019/PN Ksp;Perkara Lalu-Lintas;2019;pn-kualasimpang
517;1853/Pid.LL/2019/PN Ksp;Perkara Lalu-Lintas;2019;pn-kualasimpang
518;1528/Pid.LL/2019/PN Ksp;Perkara Lalu-Lintas;2019;pn-kualasimpang
519;1508/Pid.LL/2019/PN Ksp;Perkara Lalu-Lintas;2019;pn-kualasimpang
520;1488/Pid.LL/2019/PN Ksp;Perkara Lalu-Lintas;2019;pn-kualasimpang
521;1468/Pid.LL/2019/PN Ksp;Perkara Lalu-Lintas;2019;pn-kualasimpang
522;1448/Pid.LL/2019/PN Ksp;Perkara Lalu-Lintas;2019;pn-kualasimpang
523;1428/Pid.LL/2019/PN Ksp;Perkara Lalu-Lintas;2019;pn-kualasimpang
524;1408/Pid.LL/2019/PN Ksp;Perkara Lalu-Lintas;2019;pn-kualasimpang
525;1388/Pid.LL/2019/PN Ksp;Perkara Lalu-Lintas;2019;pn-kualasimpang
526;1368/Pid.LL/2019/PN Ksp;Perkara Lalu-Lintas;2019;pn-kualasimpang
527;1348/Pid.LL/2019/PN Ksp;Perkara Lalu-Lintas;2019;pn-kualasimpang
528;1328/Pid.LL/2019/PN Ksp;Perkara Lalu-Lintas;2019;pn-kualasimpang
529;1308/Pid.LL/2019/PN Ksp;Perkara Lalu-Lintas;2019;pn-kualasimpang
530;1288/Pid.LL/2019/PN Ksp;Perkara Lalu-Lintas;2019;pn-kualasimpang
531;1268/Pid.LL/2019/PN Ksp;Perkara Lalu-Lintas;2019;pn-kualasimpang
532;1248/Pid.LL/2019/PN Ksp;Perkara Lalu-Lintas;2019;pn-kualasimpang
533;1228/Pid.LL/2019/PN Ksp;Perkara Lalu-Lintas;2019;pn-kualasimpang
534;1208/Pid.LL/2019/PN Ksp;Perkara Lalu-Lintas;2019;pn-kualasimpang
535;1188/Pid.LL/2019/PN Ksp;Perkara Lalu-Lintas;2019;pn-kualasimpang
536;1168/Pid.LL/2019/PN Ksp;Perkara Lalu-Lintas;2019;pn-kualasimpang
537;1148/Pid.LL/2019/PN Ksp;Perkara Lalu-Lintas;2019;pn-kualasimpang
538;1136/Pid.LL/2019/PN Ksp;Perkara Lalu-Lintas;2019;pn-kualasimpang
539;1116/Pid.LL/2019/PN Ksp;Perkara Lalu-Lintas;2019;pn-kualasimpang
540;1096/Pid.LL/2019/PN Ksp;Perkara Lalu-Lintas;2019;pn-kualasimpang
541;1076/Pid.LL/2019/PN Ksp;Perkara Lalu-Lintas;2019;pn-kualasimpang
542;1056/Pid.LL/2019/PN Ksp;Perkara Lalu-Lintas;2019;pn-kualasimpang
543;50/Pdt.P/2019/PN Ksp;Perbaikan Kesalahan Dalam Akta Kelahiran;2019;pn-kualasimpang
544;1021/Pid.LL/2019/PN Ksp;Perkara Lalu-Lintas;2019;pn-kualasimpang
545;1004/Pid.LL/2019/PN Ksp;Perkara Lalu-Lintas;2019;pn-kualasimpang
546;984/Pid.LL/2019/PN Ksp;Perkara Lalu-Lintas;2019;pn-kualasimpang
547;246/Pid.Sus/2019/PN Ksp;Narkotika;2019;pn-kualasimpang
548;970/Pid.LL/2019/PN Ksp;Perkara Lalu-Lintas;2019;pn-kualasimpang
549;950/Pid.LL/2019/PN Ksp;Perkara Lalu-Lintas;2019;pn-kualasimpang
550;930/Pid.LL/2019/PN Ksp;Perkara Lalu-Lintas;2019;pn-kualasimpang
551;913/Pid.LL/2019/PN Ksp;Perkara Lalu-Lintas;2019;pn-kualasimpang
552;892/Pid.LL/2019/PN Ksp;Perkara Lalu-Lintas;2019;pn-kualasimpang
553;872/Pid.LL/2019/PN Ksp;Perkara Lalu-Lintas;2019;pn-kualasimpang
554;852/Pid.LL/2019/PN Ksp;Perkara Lalu-Lintas;2019;pn-kualasimpang
555;835/Pid.LL/2019/PN Ksp;Perkara Lalu-Lintas;2019;pn-kualasimpang
556;815/Pid.LL/2019/PN Ksp;Perkara Lalu-Lintas;2019;pn-kualasimpang
557;225/Pid.Sus/2019/PN Ksp;Perlindungan Anak;2019;pn-kualasimpang
558;791/Pid.LL/2019/PN Ksp;Perkara Lalu-Lintas;2019;pn-kualasimpang
559;771/Pid.LL/2019/PN Ksp;Perkara Lalu-Lintas;2019;pn-kualasimpang
560;751/Pid.LL/2019/PN Ksp;Perkara Lalu-Lintas;2019;pn-kualasimpang
561;731/Pid.LL/2019/PN Ksp;Perkara Lalu-Lintas;2019;pn-kualasimpang
562;644/Pid.LL/2019/PN Ksp;Perkara Lalu-Lintas;2019;pn-kualasimpang
563;654/Pid.LL/2019/PN Ksp;Perkara Lalu-Lintas;2019;pn-kualasimpang
564;674/Pid.LL/2019/PN Ksp;Perkara Lalu-Lintas;2019;pn-kualasimpang
565;694/Pid.LL/2019/PN Ksp;Perkara Lalu-Lintas;2019;pn-kualasimpang
566;714/Pid.LL/2019/PN Ksp;Perkara Lalu-Lintas;2019;pn-kualasimpang
567;204/Pid.B/2019/PN Ksp;Pencurian;2019;pn-kualasimpang
568;612/Pid.LL/2019/PN Ksp;Perkara Lalu-Lintas;2019;pn-kualasimpang
569;592/Pid.LL/2019/PN Ksp;Perkara Lalu-Lintas;2019;pn-kualasimpang
570;572/Pid.LL/2019/PN Ksp;Perkara Lalu-Lintas;2019;pn-kualasimpang
571;552/Pid.LL/2019/PN Ksp;Perkara Lalu-Lintas;2019;pn-kualasimpang
572;40/Pdt.P/2019/PN Ksp;Permohonan Ganti Nama;2019;pn-kualasimpang
573;535/Pid.LL/2019/PN Ksp;Perkara Lalu-Lintas;2019;pn-kualasimpang
574;503/Pid.LL/2019/PN Ksp;Perkara Lalu-Lintas;2019;pn-kualasimpang
575;489/Pid.LL/2019/PN Ksp;Perkara Lalu-Lintas;2019;pn-kualasimpang
576;469/Pid.LL/2019/PN Ksp;Perkara Lalu-Lintas;2019;pn-kualasimpang
577;449/Pid.LL/2019/PN Ksp;Perkara Lalu-Lintas;2019;pn-kualasimpang
578;429/Pid.LL/2019/PN Ksp;Perkara Lalu-Lintas;2019;pn-kualasimpang
579;179/Pid.Sus/2019/PN Ksp;Narkotika;2019;pn-kualasimpang
580;417/Pid.LL/2019/PN Ksp;Perkara Lalu-Lintas;2019;pn-kualasimpang
581;32/Pdt.P/2019/PN Ksp;Permohonan Ganti Nama;2019;pn-kualasimpang
582;384/Pid.LL/2019/PN Ksp;Perkara Lalu-Lintas;2019;pn-kualasimpang
583;156/Pid.Sus/2019/PN Ksp;Narkotika;2019;pn-kualasimpang
584;376/Pid.LL/2019/PN Ksp;Perkara Lalu-Lintas;2019;pn-kualasimpang
585;364/Pid.LL/2019/PN Ksp;Perkara Lalu-Lintas;2019;pn-kualasimpang
586;117/Pid.B/2019/PN Ksp;Pencurian;2019;pn-kualasimpang
587;112/Pid.B/2019/PN Ksp;Perubahan Atas Undang-Undang Nomor 10 Tahun 1995 Tentang Kepabeanan;2019;pn-kualasimpang
588;336/Pid.LL/2019/PN Ksp;Perkara Lalu-Lintas;2019;pn-kualasimpang
589;327/Pid.LL/2019/PN Ksp;Perkara Lalu-Lintas;2019;pn-kualasimpang
590;22/Pdt.P/2019/PN Ksp;Permohonan Ganti Nama;2019;pn-kualasimpang
591;298/Pid.LL/2019/PN Ksp;Perkara Lalu-Lintas;2019;pn-kualasimpang
592;278/Pid.LL/2019/PN Ksp;Perkara Lalu-Lintas;2019;pn-kualasimpang
593;77/Pid.Sus/2019/PN Ksp;Narkotika;2019;pn-kualasimpang
594;72/Pid.Sus/2019/PN Ksp;Narkotika;2019;pn-kualasimpang
595;67/Pid.B/2019/PN Ksp;Perubahan Atas Undang-Undang Nomor 10 Tahun 1995 Tentang Kepabeanan;2019;pn-kualasimpang
596;229/Pid.LL/2019/PN Ksp;Perkara Lalu-Lintas;2019;pn-kualasimpang
597;209/Pid.LL/2019/PN Ksp;Perkara Lalu-Lintas;2019;pn-kualasimpang
598;15/Pdt.P/2019/PN Ksp;Perbaikan Kesalahan Dalam Akta Kelahiran;2019;pn-kualasimpang
599;182/Pid.LL/2019/PN Ksp;Perkara Lalu-Lintas;2019;pn-kualasimpang
600;166/Pid.LL/2019/PN Ksp;Perkara Lalu-Lintas;2019;pn-kualasimpang
601;164/Pid.LL/2019/PN Ksp;Perkara Lalu-Lintas;2019;pn-kualasimpang
602;145/Pid.LL/2019/PN Ksp;Perkara Lalu-Lintas;2019;pn-kualasimpang
603;125/Pid.LL/2019/PN Ksp;Perkara Lalu-Lintas;2019;pn-kualasimpang
604;105/Pid.LL/2019/PN Ksp;Perkara Lalu-Lintas;2019;pn-kualasimpang
605;6/Pdt.P/2019/PN Ksp;Pengangkatan Wali Bagi Anak;2019;pn-kualasimpang
606;81/Pid.LL/2019/PN Ksp;Perkara Lalu-Lintas;2019;pn-kualasimpang
607;61/Pid.LL/2019/PN Ksp;Perkara Lalu-Lintas;2019;pn-kualasimpang
608;53/Pid.LL/2019/PN Ksp;Perkara Lalu-Lintas;2019;pn-kualasimpang
609;3/Pdt.P/2019/PN Ksp;Wali Dan Ijin  Jual;2019;pn-kualasimpang
610;33/Pid.LL/2019/PN Ksp;Perkara Lalu-Lintas;2019;pn-kualasimpang
611;4/Pid.LL/2019/PN Ksp;Perkara Lalu-Lintas;2019;pn-kualasimpang
612;4446/Pid.LL/2018/PN Ksp;Perkara Lalu-Lintas;2018;pn-kualasimpang
613;4466/Pid.LL/2018/PN Ksp;Perkara Lalu-Lintas;2018;pn-kualasimpang
614;4486/Pid.LL/2018/PN Ksp;Perkara Lalu-Lintas;2018;pn-kualasimpang
615;403/Pid.Sus/2018/PN Ksp;Narkotika;2018;pn-kualasimpang
616;4440/Pid.LL/2018/PN Ksp;Perkara Lalu-Lintas;2018;pn-kualasimpang
617;4420/Pid.LL/2018/PN Ksp;Perkara Lalu-Lintas;2018;pn-kualasimpang
618;4400/Pid.LL/2018/PN Ksp;Perkara Lalu-Lintas;2018;pn-kualasimpang
619;4380/Pid.LL/2018/PN Ksp;Perkara Lalu-Lintas;2018;pn-kualasimpang
620;4359/Pid.LL/2018/PN Ksp;Perkara Lalu-Lintas;2018;pn-kualasimpang
621;4339/Pid.LL/2018/PN Ksp;Perkara Lalu-Lintas;2018;pn-kualasimpang
622;399/Pid.Sus/2018/PN Ksp;Narkotika;2018;pn-kualasimpang
623;4103/Pid.LL/2018/PN Ksp;Perkara Lalu-Lintas;2018;pn-kualasimpang
624;4162/Pid.LL/2018/PN Ksp;Perkara Lalu-Lintas;2018;pn-kualasimpang
625;4142/Pid.LL/2018/PN Ksp;Perkara Lalu-Lintas;2018;pn-kualasimpang
626;4122/Pid.LL/2018/PN Ksp;Perkara Lalu-Lintas;2018;pn-kualasimpang
627;4320/Pid.LL/2018/PN Ksp;Perkara Lalu-Lintas;2018;pn-kualasimpang
628;4300/Pid.LL/2018/PN Ksp;Perkara Lalu-Lintas;2018;pn-kualasimpang
629;4280/Pid.LL/2018/PN Ksp;Perkara Lalu-Lintas;2018;pn-kualasimpang
630;4260/Pid.LL/2018/PN Ksp;Perkara Lalu-Lintas;2018;pn-kualasimpang
631;4240/Pid.LL/2018/PN Ksp;Perkara Lalu-Lintas;2018;pn-kualasimpang
632;4220/Pid.LL/2018/PN Ksp;Perkara Lalu-Lintas;2018;pn-kualasimpang
633;4200/Pid.LL/2018/PN Ksp;Perkara Lalu-Lintas;2018;pn-kualasimpang
634;4180/Pid.LL/2018/PN Ksp;Perkara Lalu-Lintas;2018;pn-kualasimpang
635;4084/Pid.LL/2018/PN Ksp;Perkara Lalu-Lintas;2018;pn-kualasimpang
636;4064/Pid.LL/2018/PN Ksp;Perkara Lalu-Lintas;2018;pn-kualasimpang
637;4044/Pid.LL/2018/PN Ksp;Perkara Lalu-Lintas;2018;pn-kualasimpang
638;372/Pid.Sus/2018/PN Ksp;Narkotika;2018;pn-kualasimpang
639;3922/Pid.LL/2018/PN Ksp;Perkara Lalu-Lintas;2018;pn-kualasimpang
640;3942/Pid.LL/2018/PN Ksp;Perkara Lalu-Lintas;2018;pn-kualasimpang
641;3962/Pid.LL/2018/PN Ksp;Perkara Lalu-Lintas;2018;pn-kualasimpang
642;3982/Pid.LL/2018/PN Ksp;Perkara Lalu-Lintas;2018;pn-kualasimpang
643;4002/Pid.LL/2018/PN Ksp;Perkara Lalu-Lintas;2018;pn-kualasimpang
644;352/Pid.Sus/2018/PN Ksp;Narkotika;2018;pn-kualasimpang
645;3802/Pid.LL/2018/PN Ksp;Perkara Lalu-Lintas;2018;pn-kualasimpang
646;3822/Pid.LL/2018/PN Ksp;Perkara Lalu-Lintas;2018;pn-kualasimpang
647;3842/Pid.LL/2018/PN Ksp;Perkara Lalu-Lintas;2018;pn-kualasimpang
648;3862/Pid.LL/2018/PN Ksp;Perkara Lalu-Lintas;2018;pn-kualasimpang
649;3882/Pid.LL/2018/PN Ksp;Perkara Lalu-Lintas;2018;pn-kualasimpang
650;3902/Pid.LL/2018/PN Ksp;Perkara Lalu-Lintas;2018;pn-kualasimpang
651;349/Pid.Sus/2018/PN Ksp;Narkotika;2018;pn-kualasimpang
652;3710/Pid.LL/2018/PN Ksp;Perkara Lalu-Lintas;2018;pn-kualasimpang
653;3690/Pid.LL/2018/PN Ksp;Perkara Lalu-Lintas;2018;pn-kualasimpang
654;3670/Pid.LL/2018/PN Ksp;Perkara Lalu-Lintas;2018;pn-kualasimpang
655;3722/Pid.LL/2018/PN Ksp;Perkara Lalu-Lintas;2018;pn-kualasimpang
656;3764/Pid.LL/2018/PN Ksp;Perkara Lalu-Lintas;2018;pn-kualasimpang
657;3743/Pid.LL/2018/PN Ksp;Perkara Lalu-Lintas;2018;pn-kualasimpang
658;3725/Pid.LL/2018/PN Ksp;Perkara Lalu-Lintas;2018;pn-kualasimpang
659;3537/Pid.LL/2018/PN Ksp;Perkara Lalu-Lintas;2018;pn-kualasimpang
660;3517/Pid.LL/2018/PN Ksp;Perkara Lalu-Lintas;2018;pn-kualasimpang
661;3497/Pid.LL/2018/PN Ksp;Perkara Lalu-Lintas;2018;pn-kualasimpang
662;3632/Pid.LL/2018/PN Ksp;Perkara Lalu-Lintas;2018;pn-kualasimpang
663;3611/Pid.LL/2018/PN Ksp;Perkara Lalu-Lintas;2018;pn-kualasimpang
664;3590/Pid.LL/2018/PN Ksp;Perkara Lalu-Lintas;2018;pn-kualasimpang
665;3570/Pid.LL/2018/PN Ksp;Perkara Lalu-Lintas;2018;pn-kualasimpang
666;3552/Pid.LL/2018/PN Ksp;Perkara Lalu-Lintas;2018;pn-kualasimpang
667;3487/Pid.LL/2018/PN Ksp;Perkara Lalu-Lintas;2018;pn-kualasimpang
668;3467/Pid.LL/2018/PN Ksp;Perkara Lalu-Lintas;2018;pn-kualasimpang
669;3427/Pid.LL/2018/PN Ksp;Perkara Lalu-Lintas;2018;pn-kualasimpang
670;3407/Pid.LL/2018/PN Ksp;Perkara Lalu-Lintas;2018;pn-kualasimpang
671;3387/Pid.LL/2018/PN Ksp;Perkara Lalu-Lintas;2018;pn-kualasimpang
672;3446/Pid.LL/2018/PN Ksp;Perkara Lalu-Lintas;2018;pn-kualasimpang
673;322/Pid.Sus/2018/PN Ksp;Narkotika;2018;pn-kualasimpang
674;3360/Pid.LL/2018/PN Ksp;Perkara Lalu-Lintas;2018;pn-kualasimpang
675;3340/Pid.LL/2018/PN Ksp;Perkara Lalu-Lintas;2018;pn-kualasimpang
676;3320/Pid.LL/2018/PN Ksp;Perkara Lalu-Lintas;2018;pn-kualasimpang
677;3300/Pid.LL/2018/PN Ksp;Perkara Lalu-Lintas;2018;pn-kualasimpang
678;317/Pid.B/2018/PN Ksp;Pencurian;2018;pn-kualasimpang
679;3268/Pid.LL/2018/PN Ksp;Perkara Lalu-Lintas;2018;pn-kualasimpang
680;3248/Pid.LL/2018/PN Ksp;Perkara Lalu-Lintas;2018;pn-kualasimpang
681;3228/Pid.LL/2018/PN Ksp;Perkara Lalu-Lintas;2018;pn-kualasimpang
682;304/Pid.Sus/2018/PN Ksp;Narkotika;2018;pn-kualasimpang
683;3207/Pid.LL/2018/PN Ksp;Perkara Lalu-Lintas;2018;pn-kualasimpang
684;3186/Pid.LL/2018/PN Ksp;Perkara Lalu-Lintas;2018;pn-kualasimpang
685;3166/Pid.LL/2018/PN Ksp;Perkara Lalu-Lintas;2018;pn-kualasimpang
686;3137/Pid.LL/2018/PN Ksp;Perkara Lalu-Lintas;2018;pn-kualasimpang
687;298/Pid.Sus/2018/PN Ksp;Narkotika;2018;pn-kualasimpang
688;3036/Pid.LL/2018/PN Ksp;Perkara Lalu-Lintas;2018;pn-kualasimpang
689;3056/Pid.LL/2018/PN Ksp;Perkara Lalu-Lintas;2018;pn-kualasimpang
690;3076/Pid.LL/2018/PN Ksp;Perkara Lalu-Lintas;2018;pn-kualasimpang
691;3096/Pid.LL/2018/PN Ksp;Perkara Lalu-Lintas;2018;pn-kualasimpang
692;3116/Pid.LL/2018/PN Ksp;Perkara Lalu-Lintas;2018;pn-kualasimpang
693;289/Pid.Sus/2018/PN Ksp;Narkotika;2018;pn-kualasimpang
694;3009/Pid.LL/2018/PN Ksp;Perkara Lalu-Lintas;2018;pn-kualasimpang
695;2932/Pid.LL/2018/PN Ksp;Perkara Lalu-Lintas;2018;pn-kualasimpang
696;2952/Pid.LL/2018/PN Ksp;Perkara Lalu-Lintas;2018;pn-kualasimpang
697;2972/Pid.LL/2018/PN Ksp;Perkara Lalu-Lintas;2018;pn-kualasimpang
698;283/Pid.B/2018/PN Ksp;Perubahan Atas Undang-Undang Nomor 10 Tahun 1995 Tentang Kepabeanan;2018;pn-kualasimpang
699;2825/Pid.LL/2018/PN Ksp;Perkara Lalu-Lintas;2018;pn-kualasimpang
700;2845/Pid.LL/2018/PN Ksp;Perkara Lalu-Lintas;2018;pn-kualasimpang
701;2865/Pid.LL/2018/PN Ksp;Perkara Lalu-Lintas;2018;pn-kualasimpang
702;2885/Pid.LL/2018/PN Ksp;Perkara Lalu-Lintas;2018;pn-kualasimpang
703;2905/Pid.LL/2018/PN Ksp;Perkara Lalu-Lintas;2018;pn-kualasimpang
704;2925/Pid.LL/2018/PN Ksp;Perkara Lalu-Lintas;2018;pn-kualasimpang
705;2781/Pid.LL/2018/PN Ksp;Perkara Lalu-Lintas;2018;pn-kualasimpang
706;2801/Pid.LL/2018/PN Ksp;Perkara Lalu-Lintas;2018;pn-kualasimpang
707;2721/Pid.LL/2018/PN Ksp;Perkara Lalu-Lintas;2018;pn-kualasimpang
708;2741/Pid.LL/2018/PN Ksp;Perkara Lalu-Lintas;2018;pn-kualasimpang
709;2761/Pid.LL/2018/PN Ksp;Perkara Lalu-Lintas;2018;pn-kualasimpang
710;260/Pid.Sus/2018/PN Ksp;Narkotika;2018;pn-kualasimpang
711;2701/Pid.LL/2018/PN Ksp;Perkara Lalu-Lintas;2018;pn-kualasimpang
712;2660/Pid.LL/2018/PN Ksp;Perkara Lalu-Lintas;2018;pn-kualasimpang
713;2680/Pid.LL/2018/PN Ksp;Perkara Lalu-Lintas;2018;pn-kualasimpang
714;240/Pid.Sus/2018/PN Ksp;Narkotika;2018;pn-kualasimpang
715;2623/Pid.LL/2018/PN Ksp;Perkara Lalu-Lintas;2018;pn-kualasimpang
716;2651/Pid.LL/2018/PN Ksp;Perkara Lalu-Lintas;2018;pn-kualasimpang
717;2595/Pid.LL/2018/PN Ksp;Perkara Lalu-Lintas;2018;pn-kualasimpang
718;2574/Pid.LL/2018/PN Ksp;Perkara Lalu-Lintas;2018;pn-kualasimpang
719;2596/Pid.LL/2018/PN Ksp;Perkara Lalu-Lintas;2018;pn-kualasimpang
720;221/Pid.Sus/2018/PN Ksp;Narkotika;2018;pn-kualasimpang
721;2563/Pid.LL/2018/PN Ksp;Perkara Lalu-Lintas;2018;pn-kualasimpang
722;2543/Pid.LL/2018/PN Ksp;Perkara Lalu-Lintas;2018;pn-kualasimpang
723;2523/Pid.LL/2018/PN Ksp;Perkara Lalu-Lintas;2018;pn-kualasimpang
724;2503/Pid.LL/2018/PN Ksp;Perkara Lalu-Lintas;2018;pn-kualasimpang
725;24/Pid.C/2018/PN Ksp;Penadahan, Penerbitan, dan Pencetakan;2018;pn-kualasimpang
726;2466/Pid.LL/2018/PN Ksp;Perkara Lalu-Lintas;2018;pn-kualasimpang
727;2470/Pid.LL/2018/PN Ksp;Perkara Lalu-Lintas;2018;pn-kualasimpang
728;196/Pid.Sus/2018/PN Ksp;Narkotika;2018;pn-kualasimpang
729;2403/Pid.LL/2018/PN Ksp;Perkara Lalu-Lintas;2018;pn-kualasimpang
730;2383/Pid.LL/2018/PN Ksp;Perkara Lalu-Lintas;2018;pn-kualasimpang
731;2430/Pid.LL/2018/PN Ksp;Perkara Lalu-Lintas;2018;pn-kualasimpang
732;2348/Pid.LL/2018/PN Ksp;Perkara Lalu-Lintas;2018;pn-kualasimpang
733;2328/Pid.LL/2018/PN Ksp;Perkara Lalu-Lintas;2018;pn-kualasimpang
734;2365/Pid.LL/2018/PN Ksp;Perkara Lalu-Lintas;2018;pn-kualasimpang
735;2283/Pid.LL/2018/PN Ksp;Perkara Lalu-Lintas;2018;pn-kualasimpang
736;2303/Pid.LL/2018/PN Ksp;Perkara Lalu-Lintas;2018;pn-kualasimpang
737;184/Pid.Sus/2018/PN Ksp;Narkotika;2018;pn-kualasimpang
738;2263/Pid.LL/2018/PN Ksp;Perkara Lalu-Lintas;2018;pn-kualasimpang
739;2254/Pid.LL/2018/PN Ksp;Perkara Lalu-Lintas;2018;pn-kualasimpang
740;2239/Pid.LL/2018/PN Ksp;Perkara Lalu-Lintas;2018;pn-kualasimpang
741;2225/Pid.LL/2018/PN Ksp;Perkara Lalu-Lintas;2018;pn-kualasimpang
742;2196/Pid.LL/2018/PN Ksp;Perkara Lalu-Lintas;2018;pn-kualasimpang
743;2216/Pid.LL/2018/PN Ksp;Perkara Lalu-Lintas;2018;pn-kualasimpang
744;2187/Pid.LL/2018/PN Ksp;Perkara Lalu-Lintas;2018;pn-kualasimpang
745;2057/Pid.LL/2018/PN Ksp;Perkara Lalu-Lintas;2018;pn-kualasimpang
746;2077/Pid.LL/2018/PN Ksp;Perkara Lalu-Lintas;2018;pn-kualasimpang
747;2097/Pid.LL/2018/PN Ksp;Perkara Lalu-Lintas;2018;pn-kualasimpang
748;2117/Pid.LL/2018/PN Ksp;Perkara Lalu-Lintas;2018;pn-kualasimpang
749;2137/Pid.LL/2018/PN Ksp;Perkara Lalu-Lintas;2018;pn-kualasimpang
750;2157/Pid.LL/2018/PN Ksp;Perkara Lalu-Lintas;2018;pn-kualasimpang
751;2010/Pid.LL/2018/PN Ksp;Perkara Lalu-Lintas;2018;pn-kualasimpang
752;2030/Pid.LL/2018/PN Ksp;Perkara Lalu-Lintas;2018;pn-kualasimpang
753;149/Pid.Sus/2018/PN Ksp;Narkotika;2018;pn-kualasimpang
754;1680/Pid.LL/2018/PN .KSP;Perkara Lalu-Lintas;2018;pn-kualasimpang
755;1660/Pid.LL/2018/PN .KSP;Perkara Lalu-Lintas;2018;pn-kualasimpang
756;1640/Pid.LL/2018/PN .KSP;Perkara Lalu-Lintas;2018;pn-kualasimpang
757;1693/Pid.LL/2018/PN .KSP;Perkara Lalu-Lintas;2018;pn-kualasimpang
758;1712/Pid.LL/2018/PN .KSP;Perkara Lalu-Lintas;2018;pn-kualasimpang
759;1733/Pid.LL/2018/PN .KSP;Perkara Lalu-Lintas;2018;pn-kualasimpang
760;1753/Pid.LL/2018/PN .KSP;Perkara Lalu-Lintas;2018;pn-kualasimpang
761;1883/Pid.LL/2018/PN .KSP;Perkara Lalu-Lintas;2018;pn-kualasimpang
762;1778/Pid.LL/2018/PN .KSP;Perkara Lalu-Lintas;2018;pn-kualasimpang
763;1835/Pid.LL/2018/PN .KSP;Perkara Lalu-Lintas;2018;pn-kualasimpang
764;1771/Pid.LL/2018/PN .KSP;Perkara Lalu-Lintas;2018;pn-kualasimpang
765;1792/Pid.LL/2018/PN .KSP;Perkara Lalu-Lintas;2018;pn-kualasimpang
766;1890/Pid.LL/2018/PN .KSP;Perkara Lalu-Lintas;2018;pn-kualasimpang
767;1910/Pid.LL/2018/PN .KSP;Perkara Lalu-Lintas;2018;pn-kualasimpang
768;1930/Pid.LL/2018/PN .KSP;Perkara Lalu-Lintas;2018;pn-kualasimpang
769;1950/Pid.LL/2018/PN .KSP;Perkara Lalu-Lintas;2018;pn-kualasimpang
770;1970/Pid.LL/2018/PN .KSP;Perkara Lalu-Lintas;2018;pn-kualasimpang
771;1990/Pid.LL/2018/PN .KSP;Perkara Lalu-Lintas;2018;pn-kualasimpang
772;1785/Pid.LL/2018/PN .KSP;Perkara Lalu-Lintas;2018;pn-kualasimpang
773;1622/Pid.LL/2018/PN .KSP;Perkara Lalu-Lintas;2018;pn-kualasimpang
774;1602/Pid.LL/2018/PN .KSP;Perkara Lalu-Lintas;2018;pn-kualasimpang
775;1582/Pid.LL/2018/PN .KSP;Perkara Lalu-Lintas;2018;pn-kualasimpang
776;1562/Pid.LL/2018/PN .KSP;Perkara Lalu-Lintas;2018;pn-kualasimpang
777;1542/Pid.LL/2018/PN .KSP;Perkara Lalu-Lintas;2018;pn-kualasimpang
778;128/Pid.Sus/2018/PN .KSP;Narkotika;2018;pn-kualasimpang
779;1516/Pid.LL/2018/PN .KSP;Perkara Lalu-Lintas;2018;pn-kualasimpang
780;1496/Pid.LL/2018/PN .KSP;Perkara Lalu-Lintas;2018;pn-kualasimpang
781;1476/Pid.LL/2018/PN .KSP;Perkara Lalu-Lintas;2018;pn-kualasimpang
782;1456/Pid.LL/2018/PN .KSP;Perkara Lalu-Lintas;2018;pn-kualasimpang
783;1436/Pid.LL/2018/PN .KSP;Perkara Lalu-Lintas;2018;pn-kualasimpang
784;1416/Pid.LL/2018/PN .KSP;Perkara Lalu-Lintas;2018;pn-kualasimpang
785;1396/Pid.LL/2018/PN .KSP;Perkara Lalu-Lintas;2018;pn-kualasimpang
786;1377/Pid.LL/2018/PN .KSP;Perkara Lalu-Lintas;2018;pn-kualasimpang
787;1356/Pid.LL/2018/PN .KSP;Perkara Lalu-Lintas;2018;pn-kualasimpang
788;1336/Pid.LL/2018/PN .KSP;Perkara Lalu-Lintas;2018;pn-kualasimpang
789;1329/Pid.LL/2018/PN .KSP;Perkara Lalu-Lintas;2018;pn-kualasimpang
790;1309/Pid.LL/2018/PN .KSP;Perkara Lalu-Lintas;2018;pn-kualasimpang
791;1289/Pid.LL/2018/PN .KSP;Perkara Lalu-Lintas;2018;pn-kualasimpang
792;1269/Pid.LL/2018/PN .KSP;Perkara Lalu-Lintas;2018;pn-kualasimpang
793;1249/Pid.LL/2018/PN .KSP;Perkara Lalu-Lintas;2018;pn-kualasimpang
794;14/Pid.C/2018/PN .KSP;Pencurian;2018;pn-kualasimpang
795;1217/Pid.LL/2018/PN .KSP;Perkara Lalu-Lintas;2018;pn-kualasimpang
796;1197/Pid.LL/2018/PN .KSP;Perkara Lalu-Lintas;2018;pn-kualasimpang
797;1183/Pid.LL/2018/PN .KSP;Perkara Lalu-Lintas;2018;pn-kualasimpang
798;1163/Pid.LL/2018/PN .KSP;Perkara Lalu-Lintas;2018;pn-kualasimpang
799;1143/Pid.LL/2018/PN .KSP;Perkara Lalu-Lintas;2018;pn-kualasimpang
800;1123/Pid.LL/2018/PN .KSP;Perkara Lalu-Lintas;2018;pn-kualasimpang
801;1103/Pid.LL/2018/PN .KSP;Perkara Lalu-Lintas;2018;pn-kualasimpang
802;87/Pid.B/2018/PN .KSP;Pencurian;2018;pn-kualasimpang
803;1073/Pid.LL/2018/PN .KSP;Perkara Lalu-Lintas;2018;pn-kualasimpang
804;10/Pdt.P/2018/PN .KSP;Perbaikan Kesalahan Dalam Akta Kelahiran;2018;pn-kualasimpang
805;1034/Pid.LL/2018/PN .KSP;Perkara Lalu-Lintas;2018;pn-kualasimpang
806;1014/Pid.LL/2018/PN .KSP;Perkara Lalu-Lintas;2018;pn-kualasimpang
807;994/Pid.LL/2018/PN .KSP;Perkara Lalu-Lintas;2018;pn-kualasimpang
808;84/Pid.Sus/2018/PN .KSP;Narkotika;2018;pn-kualasimpang
809;963/Pid.LL/2018/PN .KSP;Perkara Lalu-Lintas;2018;pn-kualasimpang
810;864/Pid.LL/2018/PN .KSP;Perkara Lalu-Lintas;2018;pn-kualasimpang
811;884/Pid.LL/2018/PN .KSP;Perkara Lalu-Lintas;2018;pn-kualasimpang
812;904/Pid.LL/2018/PN .KSP;Perkara Lalu-Lintas;2018;pn-kualasimpang
813;924/Pid.LL/2018/PN .KSP;Perkara Lalu-Lintas;2018;pn-kualasimpang
814;944/Pid.LL/2018/PN .KSP;Perkara Lalu-Lintas;2018;pn-kualasimpang
815;8/Pdt.P/2018/PN .KSP;Permohonan Ganti Nama;2018;pn-kualasimpang
816;821/Pid.LL/2018/PN .KSP;Perkara Lalu-Lintas;2018;pn-kualasimpang
817;801/Pid.LL/2018/PN .KSP;Perkara Lalu-Lintas;2018;pn-kualasimpang
818;781/Pid.LL/2018/PN .KSP;Perkara Lalu-Lintas;2018;pn-kualasimpang
819;761/Pid.LL/2018/PN .KSP;Perkara Lalu-Lintas;2018;pn-kualasimpang
820;741/Pid.LL/2018/PN .KSP;Perkara Lalu-Lintas;2018;pn-kualasimpang
821;721/Pid.LL/2018/PN .KSP;Perkara Lalu-Lintas;2018;pn-kualasimpang
822;838/Pid.LL/2018/PN .KSP;Perkara Lalu-Lintas;2018;pn-kualasimpang
823;65/Pid.Sus/2018/PN .KSP;Narkotika;2018;pn-kualasimpang
824;681/Pid.LL/2018/PN .KSP;Perkara Lalu-Lintas;2018;pn-kualasimpang
825;661/Pid.LL/2018/PN .KSP;Perkara Lalu-Lintas;2018;pn-kualasimpang
826;641/Pid.LL/2018/PN .KSP;Perkara Lalu-Lintas;2018;pn-kualasimpang
827;621/Pid.LL/2018/PN .KSP;Perkara Lalu-Lintas;2018;pn-kualasimpang
828;601/Pid.LL/2018/PN .KSP;Perkara Lalu-Lintas;2018;pn-kualasimpang
829;581/Pid.LL/2018/PN .KSP;Perkara Lalu-Lintas;2018;pn-kualasimpang
830;561/Pid.LL/2018/PN .KSP;Perkara Lalu-Lintas;2018;pn-kualasimpang
831;541/Pid.LL/2018/PN .KSP;Perkara Lalu-Lintas;2018;pn-kualasimpang
832;62/Pid.Sus/2018/PN .KSP;Narkotika;2018;pn-kualasimpang
833;517/Pid.LL/2018/PN .KSP;Perkara Lalu-Lintas;2018;pn-kualasimpang
834;497/Pid.LL/2018/PN .KSP;Perkara Lalu-Lintas;2018;pn-kualasimpang
835;477/Pid.LL/2018/PN .KSP;Perkara Lalu-Lintas;2018;pn-kualasimpang
836;457/Pid.LL/2018/PN .KSP;Perkara Lalu-Lintas;2018;pn-kualasimpang
837;437/Pid.LL/2018/PN .KSP;Perkara Lalu-Lintas;2018;pn-kualasimpang
838;417/Pid.LL/2018/PN .KSP;Perkara Lalu-Lintas;2018;pn-kualasimpang
839;399/Pid.LL/2018/PN .KSP;Perkara Lalu-Lintas;2018;pn-kualasimpang
840;379/Pid.LL/2018/PN .KSP;Perkara Lalu-Lintas;2018;pn-kualasimpang
841;359/Pid.LL/2018/PN .KSP;Perkara Lalu-Lintas;2018;pn-kualasimpang
842;339/Pid.LL/2018/PN .KSP;Perkara Lalu-Lintas;2018;pn-kualasimpang
843;242/Pid.LL/2018/PN .KSP;Perkara Lalu-Lintas;2018;pn-kualasimpang
844;262/Pid.LL/2018/PN .KSP;Perkara Lalu-Lintas;2018;pn-kualasimpang
845;282/Pid.LL/2018/PN .KSP;Perkara Lalu-Lintas;2018;pn-kualasimpang
846;302/Pid.LL/2018/PN .KSP;Perkara Lalu-Lintas;2018;pn-kualasimpang
847;322/Pid.LL/2018/PN .KSP;Perkara Lalu-Lintas;2018;pn-kualasimpang
848;42/Pid.B/2018/PN .KSP;Penadahan, Penerbitan, dan Pencetakan;2018;pn-kualasimpang
849;25/Pid.B/2018/PN .KSP;Pencurian;2018;pn-kualasimpang
850;121/Pid.LL/2018/PN .KSP;Perkara Lalu-Lintas;2018;pn-kualasimpang
851;141/Pid.LL/2018/PN .KSP;Perkara Lalu-Lintas;2018;pn-kualasimpang
852;161/Pid.LL/2018/PN .KSP;Perkara Lalu-Lintas;2018;pn-kualasimpang
853;181/Pid.LL/2018/PN .KSP;Perkara Lalu-Lintas;2018;pn-kualasimpang
854;201/Pid.LL/2018/PN .KSP;Perkara Lalu-Lintas;2018;pn-kualasimpang
855;221/Pid.LL/2018/PN .KSP;Perkara Lalu-Lintas;2018;pn-kualasimpang
856;22/Pid.Sus/2018/PN .KSP;Narkotika;2018;pn-kualasimpang
857;57/Pid.LL/2018/PN .KSP;Perkara Lalu-Lintas;2018;pn-kualasimpang
858;77/Pid.LL/2018/PN .KSP;Perkara Lalu-Lintas;2018;pn-kualasimpang
859;97/Pid.LL/2018/PN .KSP;Perkara Lalu-Lintas;2018;pn-kualasimpang
860;27/Pid.LL/2018/PN .KSP;Perkara Lalu-Lintas;2018;pn-kualasimpang
861;11/Pid.Sus/2018/PN .KSP;Perlindungan Anak;2018;pn-kualasimpang
862;8/Pid.LL/2018/PN .KSP;Perkara Lalu-Lintas;2018;pn-kualasimpang
863;3966/Pid.LL/2017/PN .KSP;Perkara Lalu-Lintas;2017;pn-kualasimpang
864;3946/Pid.LL/2017/PN .KSP;Perkara Lalu-Lintas;2017;pn-kualasimpang
865;3926/Pid.LL/2017/PN .KSP;Perkara Lalu-Lintas;2017;pn-kualasimpang
866;3994/Pid.LL/2017/PN .KSP;Perkara Lalu-Lintas;2017;pn-kualasimpang
867;4014/Pid.LL/2017/PN .KSP;Perkara Lalu-Lintas;2017;pn-kualasimpang
868;4034/Pid.LL/2017/PN .KSP;Perkara Lalu-Lintas;2017;pn-kualasimpang
869;3922/Pid.LL/2017/PN .KSP;Perkara Lalu-Lintas;2017;pn-kualasimpang
870;3902/Pid.LL/2017/PN .KSP;Perkara Lalu-Lintas;2017;pn-kualasimpang
871;3882/Pid.LL/2017/PN .KSP;Perkara Lalu-Lintas;2017;pn-kualasimpang
872;3862/Pid.LL/2017/PN .KSP;Perkara Lalu-Lintas;2017;pn-kualasimpang
873;340/Pid.Sus/2017/PN .KSP;Narkotika;2017;pn-kualasimpang
874;3834/Pid.LL/2017/PN .KSP;Perkara Lalu-Lintas;2017;pn-kualasimpang
875;3814/Pid.LL/2017/PN .KSP;Perkara Lalu-Lintas;2017;pn-kualasimpang
876;3799/Pid.LL/2017/PN .KSP;Perkara Lalu-Lintas;2017;pn-kualasimpang
877;3779/Pid.LL/2017/PN .KSP;Perkara Lalu-Lintas;2017;pn-kualasimpang
878;3759/Pid.LL/2017/PN .KSP;Perkara Lalu-Lintas;2017;pn-kualasimpang
879;3739/Pid.LL/2017/PN .KSP;Perkara Lalu-Lintas;2017;pn-kualasimpang
880;3719/Pid.LL/2017/PN .KSP;Perkara Lalu-Lintas;2017;pn-kualasimpang
881;3699/Pid.LL/2017/PN .KSP;Perkara Lalu-Lintas;2017;pn-kualasimpang
882;3679/Pid.LL/2017/PN .KSP;Perkara Lalu-Lintas;2017;pn-kualasimpang
883;3659/Pid.LL/2017/PN .KSP;Perkara Lalu-Lintas;2017;pn-kualasimpang
884;3639/Pid.LL/2017/PN .KSP;Perkara Lalu-Lintas;2017;pn-kualasimpang
885;319/Pid.B/2017/PN .KSP;Penggelapan ;2017;pn-kualasimpang
886;3609/Pid.LL/2017/PN .KSP;Perkara Lalu-Lintas;2017;pn-kualasimpang
887;3589/Pid.LL/2017/PN .KSP;Perkara Lalu-Lintas;2017;pn-kualasimpang
888;3569/Pid.LL/2017/PN .KSP;Perkara Lalu-Lintas;2017;pn-kualasimpang
889;3549/Pid.LL/2017/PN .KSP;Perkara Lalu-Lintas;2017;pn-kualasimpang
890;3529/Pid.LL/2017/PN .KSP;Perkara Lalu-Lintas;2017;pn-kualasimpang
891;3509/Pid.LL/2017/PN .KSP;Perkara Lalu-Lintas;2017;pn-kualasimpang
892;3489/Pid.LL/2017/PN .KSP;Perkara Lalu-Lintas;2017;pn-kualasimpang
893;3469/Pid.LL/2017/PN .KSP;Perkara Lalu-Lintas;2017;pn-kualasimpang
894;3449/Pid.LL/2017/PN .KSP;Perkara Lalu-Lintas;2017;pn-kualasimpang
895;3429/Pid.LL/2017/PN .KSP;Perkara Lalu-Lintas;2017;pn-kualasimpang
896;3409/Pid.LL/2017/PN .KSP;Perkara Lalu-Lintas;2017;pn-kualasimpang
897;3389/Pid.LL/2017/PN .KSP;Perkara Lalu-Lintas;2017;pn-kualasimpang
898;3369/Pid.LL/2017/PN .KSP;Perkara Lalu-Lintas;2017;pn-kualasimpang
899;3349/Pid.LL/2017/PN .KSP;Perkara Lalu-Lintas;2017;pn-kualasimpang
900;3331/Pid.LL/2017/PN .KSP;Perkara Lalu-Lintas;2017;pn-kualasimpang
901;3019/Pid.LL/2017/PN .KSP;Perkara Lalu-Lintas;2017;pn-kualasimpang
902;2999/Pid.LL/2017/PN .KSP;Perkara Lalu-Lintas;2017;pn-kualasimpang
903;2979/Pid.LL/2017/PN .KSP;Perkara Lalu-Lintas;2017;pn-kualasimpang
904;2959/Pid.LL/2017/PN .KSP;Perkara Lalu-Lintas;2017;pn-kualasimpang
905;2939/Pid.LL/2017/PN .KSP;Perkara Lalu-Lintas;2017;pn-kualasimpang
906;3027/Pid.LL/2017/PN .KSP;Perkara Lalu-Lintas;2017;pn-kualasimpang
907;3047/Pid.LL/2017/PN .KSP;Perkara Lalu-Lintas;2017;pn-kualasimpang
908;3067/Pid.LL/2017/PN .KSP;Perkara Lalu-Lintas;2017;pn-kualasimpang
909;3087/Pid.LL/2017/PN .KSP;Perkara Lalu-Lintas;2017;pn-kualasimpang
910;3107/Pid.LL/2017/PN .KSP;Perkara Lalu-Lintas;2017;pn-kualasimpang
911;3127/Pid.LL/2017/PN .KSP;Perkara Lalu-Lintas;2017;pn-kualasimpang
912;3147/Pid.LL/2017/PN .KSP;Perkara Lalu-Lintas;2017;pn-kualasimpang
913;3167/Pid.LL/2017/PN .KSP;Perkara Lalu-Lintas;2017;pn-kualasimpang
914;3187/Pid.LL/2017/PN .KSP;Perkara Lalu-Lintas;2017;pn-kualasimpang
915;3207/Pid.LL/2017/PN .KSP;Perkara Lalu-Lintas;2017;pn-kualasimpang
916;3227/Pid.LL/2017/PN .KSP;Perkara Lalu-Lintas;2017;pn-kualasimpang
917;3247/Pid.LL/2017/PN .KSP;Perkara Lalu-Lintas;2017;pn-kualasimpang
918;3267/Pid.LL/2017/PN .KSP;Perkara Lalu-Lintas;2017;pn-kualasimpang
919;3287/Pid.LL/2017/PN .KSP;Perkara Lalu-Lintas;2017;pn-kualasimpang
920;3307/Pid.LL/2017/PN .KSP;Perkara Lalu-Lintas;2017;pn-kualasimpang
921;3327/Pid.LL/2017/PN .KSP;Perkara Lalu-Lintas;2017;pn-kualasimpang
922;2924/Pid.LL/2017/PN .KSP;Perkara Lalu-Lintas;2017;pn-kualasimpang
923;2904/Pid.LL/2017/PN .KSP;Perkara Lalu-Lintas;2017;pn-kualasimpang
924;2884/Pid.LL/2017/PN .KSP;Perkara Lalu-Lintas;2017;pn-kualasimpang
925;2864/Pid.LL/2017/PN .KSP;Perkara Lalu-Lintas;2017;pn-kualasimpang
926;2844/Pid.LL/2017/PN .KSP;Perkara Lalu-Lintas;2017;pn-kualasimpang
927;2824/Pid.LL/2017/PN .KSP;Perkara Lalu-Lintas;2017;pn-kualasimpang
928;2804/Pid.LL/2017/PN .KSP;Perkara Lalu-Lintas;2017;pn-kualasimpang
929;2784/Pid.LL/2017/PN .KSP;Perkara Lalu-Lintas;2017;pn-kualasimpang
930;2764/Pid.LL/2017/PN .KSP;Perkara Lalu-Lintas;2017;pn-kualasimpang
931;2744/Pid.LL/2017/PN .KSP;Perkara Lalu-Lintas;2017;pn-kualasimpang
932;2724/Pid.LL/2017/PN .KSP;Perkara Lalu-Lintas;2017;pn-kualasimpang
933;2704/Pid.LL/2017/PN .KSP;Perkara Lalu-Lintas;2017;pn-kualasimpang
934;2684/Pid.LL/2017/PN .KSP;Perkara Lalu-Lintas;2017;pn-kualasimpang
935;2667/Pid.LL/2017/PN .KSP;Perkara Lalu-Lintas;2017;pn-kualasimpang
936;2647/Pid.LL/2017/PN .KSP;Perkara Lalu-Lintas;2017;pn-kualasimpang
937;2627/Pid.LL/2017/PN .KSP;Perkara Lalu-Lintas;2017;pn-kualasimpang
938;2607/Pid.LL/2017/PN .KSP;Perkara Lalu-Lintas;2017;pn-kualasimpang
939;283/Pid.Sus/2017/PN .KSP;Narkotika;2017;pn-kualasimpang
940;2573/Pid.LL/2017/PN .KSP;Perkara Lalu-Lintas;2017;pn-kualasimpang
941;2553/Pid.LL/2017/PN .KSP;Perkara Lalu-Lintas;2017;pn-kualasimpang
942;2533/Pid.LL/2017/PN .KSP;Perkara Lalu-Lintas;2017;pn-kualasimpang
943;2513/Pid.LL/2017/PN .KSP;Perkara Lalu-Lintas;2017;pn-kualasimpang
944;2493/Pid.LL/2017/PN .KSP;Perkara Lalu-Lintas;2017;pn-kualasimpang
945;272/Pid.Sus/2017/PN .KSP;Narkotika;2017;pn-kualasimpang
946;2469/Pid.LL/2017/PN .KSP;Perkara Lalu-Lintas;2017;pn-kualasimpang
947;2449/Pid.LL/2017/PN .KSP;Perkara Lalu-Lintas;2017;pn-kualasimpang
948;2433/Pid.LL/2017/PN .KSP;Perkara Lalu-Lintas;2017;pn-kualasimpang
949;2413/Pid.LL/2017/PN .KSP;Perkara Lalu-Lintas;2017;pn-kualasimpang
950;2393/Pid.LL/2017/PN .KSP;Perkara Lalu-Lintas;2017;pn-kualasimpang
951;2373/Pid.LL/2017/PN .KSP;Perkara Lalu-Lintas;2017;pn-kualasimpang
952;2353/Pid.LL/2017/PN .KSP;Perkara Lalu-Lintas;2017;pn-kualasimpang
953;2333/Pid.LL/2017/PN .KSP;Perkara Lalu-Lintas;2017;pn-kualasimpang
954;2197/Pid.LL/2017/PN .KSP;Perkara Lalu-Lintas;2017;pn-kualasimpang
955;2217/Pid.LL/2017/PN .KSP;Perkara Lalu-Lintas;2017;pn-kualasimpang
956;2237/Pid.LL/2017/PN .KSP;Perkara Lalu-Lintas;2017;pn-kualasimpang
957;2257/Pid.LL/2017/PN .KSP;Perkara Lalu-Lintas;2017;pn-kualasimpang
958;2278/Pid.LL/2017/PN .KSP;Perkara Lalu-Lintas;2017;pn-kualasimpang
959;2299/Pid.LL/2017/PN .KSP;Perkara Lalu-Lintas;2017;pn-kualasimpang
960;2320/Pid.LL/2017/PN .KSP;Perkara Lalu-Lintas;2017;pn-kualasimpang
961;13/Pid.Sus-Anak/2017/PN .KSP;Pencurian;2017;pn-kualasimpang
962;2108/Pid.LL/2017/PN .KSP;Perkara Lalu-Lintas;2017;pn-kualasimpang
963;2128/Pid.LL/2017/PN .KSP;Perkara Lalu-Lintas;2017;pn-kualasimpang
964;2148/Pid.LL/2017/PN .KSP;Perkara Lalu-Lintas;2017;pn-kualasimpang
965;255/Pid.Sus/2017/PN .KSP;Narkotika;2017;pn-kualasimpang
966;2084/Pid.LL/2017/PN .KSP;Perkara Lalu-Lintas;2017;pn-kualasimpang
967;2064/Pid.LL/2017/PN .KSP;Perkara Lalu-Lintas;2017;pn-kualasimpang
968;2103/Pid.LL/2017/PN .KSP;Perkara Lalu-Lintas;2017;pn-kualasimpang
969;2045/Pid.LL/2017/PN .KSP;Perkara Lalu-Lintas;2017;pn-kualasimpang
970;2025/Pid.LL/2017/PN .KSP;Perkara Lalu-Lintas;2017;pn-kualasimpang
971;2005/Pid.LL/2017/PN .KSP;Perkara Lalu-Lintas;2017;pn-kualasimpang
972;1985/Pid.LL/2017/PN .KSP;Perkara Lalu-Lintas;2017;pn-kualasimpang
973;1964/Pid.LL/2017/PN .KSP;Perkara Lalu-Lintas;2017;pn-kualasimpang
974;1944/Pid.LL/2017/PN .KSP;Perkara Lalu-Lintas;2017;pn-kualasimpang
975;1923/Pid.LL/2017/PN .KSP;Perkara Lalu-Lintas;2017;pn-kualasimpang
976;1907/Pid.LL/2017/PN .KSP;Perkara Lalu-Lintas;2017;pn-kualasimpang
977;1887/Pid.LL/2017/PN .KSP;Perkara Lalu-Lintas;2017;pn-kualasimpang
978;1867/Pid.LL/2017/PN .KSP;Perkara Lalu-Lintas;2017;pn-kualasimpang
979;1847/Pid.LL/2017/PN .KSP;Perkara Lalu-Lintas;2017;pn-kualasimpang
980;231/Pid.B/2017/PN .KSP;Tindak Pidana Senjata Api atau Benda Tajam;2017;pn-kualasimpang
981;1814/Pid.LL/2017/PN .KSP;Perkara Lalu-Lintas;2017;pn-kualasimpang
982;1794/Pid.LL/2017/PN .KSP;Perkara Lalu-Lintas;2017;pn-kualasimpang
983;1774/Pid.LL/2017/PN .KSP;Perkara Lalu-Lintas;2017;pn-kualasimpang
984;1754/Pid.LL/2017/PN .KSP;Perkara Lalu-Lintas;2017;pn-kualasimpang
985;1734/Pid.LL/2017/PN .KSP;Perkara Lalu-Lintas;2017;pn-kualasimpang
986;1714/Pid.LL/2017/PN .KSP;Perkara Lalu-Lintas;2017;pn-kualasimpang
987;1694/Pid.LL/2017/PN .KSP;Perkara Lalu-Lintas;2017;pn-kualasimpang
988;1674/Pid.LL/2017/PN .KSP;Perkara Lalu-Lintas;2017;pn-kualasimpang
989;1654/Pid.LL/2017/PN .KSP;Perkara Lalu-Lintas;2017;pn-kualasimpang
990;1634/Pid.LL/2017/PN .KSP;Perkara Lalu-Lintas;2017;pn-kualasimpang
991;225/Pid.B/2017/PN .KSP;Penggelapan ;2017;pn-kualasimpang
992;1613/Pid.LL/2017/PN .KSP;Perkara Lalu-Lintas;2017;pn-kualasimpang
993;1593/Pid.LL/2017/PN .KSP;Perkara Lalu-Lintas;2017;pn-kualasimpang
994;1573/Pid.LL/2017/PN .KSP;Perkara Lalu-Lintas;2017;pn-kualasimpang
995;1553/Pid.LL/2017/PN .KSP;Perkara Lalu-Lintas;2017;pn-kualasimpang
996;1533/Pid.LL/2017/PN .KSP;Perkara Lalu-Lintas;2017;pn-kualasimpang
997;1513/Pid.LL/2017/PN .KSP;Perkara Lalu-Lintas;2017;pn-kualasimpang
998;1493/Pid.LL/2017/PN .KSP;Perkara Lalu-Lintas;2017;pn-kualasimpang
999;1473/Pid.LL/2017/PN .KSP;Perkara Lalu-Lintas;2017;pn-kualasimpang
1000;1294/Pid.LL/2017/PN .KSP;Perkara Lalu-Lintas;2017;pn-kualasimpang
1001;1314/Pid.LL/2017/PN .KSP;Perkara Lalu-Lintas;2017;pn-kualasimpang
1002;1334/Pid.LL/2017/PN .KSP;Perkara Lalu-Lintas;2017;pn-kualasimpang
1003;1354/Pid.LL/2017/PN .KSP;Perkara Lalu-Lintas;2017;pn-kualasimpang
1004;1374/Pid.LL/2017/PN .KSP;Perkara Lalu-Lintas;2017;pn-kualasimpang
1005;1394/Pid.LL/2017/PN .KSP;Perkara Lalu-Lintas;2017;pn-kualasimpang
1006;1414/Pid.LL/2017/PN .KSP;Perkara Lalu-Lintas;2017;pn-kualasimpang
1007;1434/Pid.LL/2017/PN .KSP;Perkara Lalu-Lintas;2017;pn-kualasimpang
1008;1454/Pid.LL/2017/PN .KSP;Perkara Lalu-Lintas;2017;pn-kualasimpang
1009;199/Pid.B/2017/PN .KSP;Penadahan, Penerbitan, dan Pencetakan;2017;pn-kualasimpang
1010;1154/Pid.LL/2017/PN .KSP;Perkara Lalu-Lintas;2017;pn-kualasimpang
1011;1172/Pid.LL/2017/PN .KSP;Perkara Lalu-Lintas;2017;pn-kualasimpang
1012;1192/Pid.LL/2017/PN .KSP;Perkara Lalu-Lintas;2017;pn-kualasimpang
1013;1212/Pid.LL/2017/PN .KSP;Perkara Lalu-Lintas;2017;pn-kualasimpang
1014;1232/Pid.LL/2017/PN .KSP;Perkara Lalu-Lintas;2017;pn-kualasimpang
1015;1252/Pid.LL/2017/PN .KSP;Perkara Lalu-Lintas;2017;pn-kualasimpang
1016;1272/Pid.LL/2017/PN .KSP;Perkara Lalu-Lintas;2017;pn-kualasimpang
1017;10/Pdt.G.S/2017/PN .KSP;Wanprestasi;2017;pn-kualasimpang
1018;1130/Pid.LL/2017/PN .KSP;Perkara Lalu-Lintas;2017;pn-kualasimpang
1019;1110/Pid.LL/2017/PN .KSP;Perkara Lalu-Lintas;2017;pn-kualasimpang
1020;1090/Pid.LL/2017/PN .KSP;Perkara Lalu-Lintas;2017;pn-kualasimpang
1021;1070/Pid.LL/2017/PN .KSP;Perkara Lalu-Lintas;2017;pn-kualasimpang
1022;1050/Pid.LL/2017/PN .KSP;Perkara Lalu-Lintas;2017;pn-kualasimpang
1023;1141/Pid.LL/2017/PN .KSP;Perkara Lalu-Lintas;2017;pn-kualasimpang
1024;1025/Pid.LL/2017/PN .KSP;Perkara Lalu-Lintas;2017;pn-kualasimpang
1025;1005/Pid.LL/2017/PN .KSP;Perkara Lalu-Lintas;2017;pn-kualasimpang
1026;985/Pid.LL/2017/PN .KSP;Perkara Lalu-Lintas;2017;pn-kualasimpang
1027;965/Pid.LL/2017/PN .KSP;Perkara Lalu-Lintas;2017;pn-kualasimpang
1028;945/Pid.LL/2017/PN .KSP;Perkara Lalu-Lintas;2017;pn-kualasimpang
1029;925/Pid.LL/2017/PN .KSP;Perkara Lalu-Lintas;2017;pn-kualasimpang
1030;905/Pid.LL/2017/PN .KSP;Perkara Lalu-Lintas;2017;pn-kualasimpang
1031;885/Pid.LL/2017/PN .KSP;Perkara Lalu-Lintas;2017;pn-kualasimpang
1032;865/Pid.LL/2017/PN .KSP;Perkara Lalu-Lintas;2017;pn-kualasimpang
1033;9/Pid.Sus-Anak/2017/PN .KSP;Kejahatan terhadap Kesusilaan;2017;pn-kualasimpang
1034;834/Pid.LL/2017/PN .KSP;Perkara Lalu-Lintas;2017;pn-kualasimpang
1035;814/Pid.LL/2017/PN .KSP;Perkara Lalu-Lintas;2017;pn-kualasimpang
1036;794/Pid.LL/2017/PN .KSP;Perkara Lalu-Lintas;2017;pn-kualasimpang
1037;774/Pid.LL/2017/PN .KSP;Perkara Lalu-Lintas;2017;pn-kualasimpang
1038;762/Pid.LL/2017/PN .KSP;Perkara Lalu-Lintas;2017;pn-kualasimpang
1039;742/Pid.LL/2017/PN .KSP;Perkara Lalu-Lintas;2017;pn-kualasimpang
1040;722/Pid.LL/2017/PN .KSP;Perkara Lalu-Lintas;2017;pn-kualasimpang
1041;8/Pid.Sus-Anak/2017/PN .KSP;Pencurian;2017;pn-kualasimpang
1042;687/Pid.LL/2017/PN .KSP;Perkara Lalu-Lintas;2017;pn-kualasimpang
1043;673/Pid.LL/2017/PN .KSP;Perkara Lalu-Lintas;2017;pn-kualasimpang
1044;655/Pid.LL/2017/PN .KSP;Perkara Lalu-Lintas;2017;pn-kualasimpang
1045;635/Pid.LL/2017/PN .KSP;Perkara Lalu-Lintas;2017;pn-kualasimpang
1046;151/Pid.B/2017/PN .KSP;Pencurian;2017;pn-kualasimpang
1047;622/Pid.LL/2017/PN .KSP;Perkara Lalu-Lintas;2017;pn-kualasimpang
1048;602/Pid.LL/2017/PN .KSP;Perkara Lalu-Lintas;2017;pn-kualasimpang
1049;582/Pid.LL/2017/PN .KSP;Perkara Lalu-Lintas;2017;pn-kualasimpang
1050;562/Pid.LL/2017/PN .KSP;Perkara Lalu-Lintas;2017;pn-kualasimpang
1051;558/Pid.LL/2017/PN .KSP;Perkara Lalu-Lintas;2017;pn-kualasimpang
1052;538/Pid.LL/2017/PN .KSP;Perkara Lalu-Lintas;2017;pn-kualasimpang
1053;518/Pid.LL/2017/PN .KSP;Perkara Lalu-Lintas;2017;pn-kualasimpang
1054;521/Pid.LL/2017/PN .KSP;Perkara Lalu-Lintas;2017;pn-kualasimpang
1055;491/Pid.LL/2017/PN .KSP;Perkara Lalu-Lintas;2017;pn-kualasimpang
1056;471/Pid.LL/2017/PN .KSP;Perkara Lalu-Lintas;2017;pn-kualasimpang
1057;451/Pid.LL/2017/PN .KSP;Perkara Lalu-Lintas;2017;pn-kualasimpang
1058;431/Pid.LL/2017/PN .KSP;Perkara Lalu-Lintas;2017;pn-kualasimpang
1059;414/Pid.LL/2017/PN .KSP;Perkara Lalu-Lintas;2017;pn-kualasimpang
1060;394/Pid.LL/2017/PN .KSP;Perkara Lalu-Lintas;2017;pn-kualasimpang
1061;324/Pid.LL/2017/PN .KSP;Perkara Lalu-Lintas;2017;pn-kualasimpang
1062;344/Pid.LL/2017/PN .KSP;Perkara Lalu-Lintas;2017;pn-kualasimpang
1063;364/Pid.LL/2017/PN .KSP;Perkara Lalu-Lintas;2017;pn-kualasimpang
1064;423/Pid.LL/2017/PN .KSP;Perkara Lalu-Lintas;2017;pn-kualasimpang
1065;277/Pid.LL/2017/PN .KSP;Perkara Lalu-Lintas;2017;pn-kualasimpang
1066;257/Pid.LL/2017/PN .KSP;Perkara Lalu-Lintas;2017;pn-kualasimpang
1067;236/Pid.LL/2017/PN .KSP;Perkara Lalu-Lintas;2017;pn-kualasimpang
1068;216/Pid.LL/2017/PN .KSP;Perkara Lalu-Lintas;2017;pn-kualasimpang
1069;196/Pid.LL/2017/PN .KSP;Perkara Lalu-Lintas;2017;pn-kualasimpang
1070;176/Pid.LL/2017/PN .KSP;Perkara Lalu-Lintas;2017;pn-kualasimpang
1071;307/Pid.LL/2017/PN .KSP;Perkara Lalu-Lintas;2017;pn-kualasimpang
1072;171/Pid.LL/2017/PN .KSP;Perkara Lalu-Lintas;2017;pn-kualasimpang
1073;151/Pid.LL/2017/PN .KSP;Perkara Lalu-Lintas;2017;pn-kualasimpang
1074;131/Pid.LL/2017/PN .KSP;Perkara Lalu-Lintas;2017;pn-kualasimpang
1075;115/Pid.LL/2017/PN .KSP;Perkara Lalu-Lintas;2017;pn-kualasimpang
1076;104/Pid.LL/2017/PN .KSP;Perkara Lalu-Lintas;2017;pn-kualasimpang
1077;83/Pid.LL/2017/PN .KSP;Perkara Lalu-Lintas;2017;pn-kualasimpang
1078;82/Pid.LL/2017/PN .KSP;Perkara Lalu-Lintas;2017;pn-kualasimpang
1079;65/Pid.Sus/2017/PN .KSP;Narkotika;2017;pn-kualasimpang
1080;53/Pid.Sus/2017/PN .KSP;Narkotika;2017;pn-kualasimpang
1081;3/Pid.Sus-Anak/2017/PN .KSP;Pencurian;2017;pn-kualasimpang
1082;39/Pid.LL/2017/PN .KSP;Perkara Lalu-Lintas;2017;pn-kualasimpang
1083;24/Pid.B/2017/PN .KSP;Penadahan, Penerbitan, dan Pencetakan;2017;pn-kualasimpang
1084;17/Pid.Sus/2017/PN .KSP;Narkotika;2017;pn-kualasimpang
1085;9/Pid.B/2017/PN .KSP;Pencurian;2017;pn-kualasimpang
1086;5/Pid.B/2017/PN .KSP;Pencurian;2017;pn-kualasimpang
1087;327/Pid.Sus/2016/PN .KSP;Narkotika;2016;pn-kualasimpang
1088;763/Pid.LL/2016/PN .KSP;Perkara Lalu-Lintas;2016;pn-kualasimpang
1089;313/Pid.Sus/2016/PN .KSP;Narkotika;2016;pn-kualasimpang
1090;729/Pid.LL/2016/PN .KSP;Perkara Lalu-Lintas;2016;pn-kualasimpang
1091;709/Pid.LL/2016/PN .KSP;Perkara Lalu-Lintas;2016;pn-kualasimpang
1092;689/Pid.LL/2016/PN .KSP;Perkara Lalu-Lintas;2016;pn-kualasimpang
1093;682/Pid.LL/2016/PN .KSP;Perkara Lalu-Lintas;2016;pn-kualasimpang
1094;662/Pid.LL/2016/PN .KSP;Perkara Lalu-Lintas;2016;pn-kualasimpang
1095;296/Pid.B/2016/PN .KSP;Penadahan, Penerbitan, dan Pencetakan;2016;pn-kualasimpang
1096;286/Pid.B/2016/PN .KSP;Tindak Pidana Lingkungan Hidup;2016;pn-kualasimpang
1097;277/Pid.Sus/2016/PN .KSP;Narkotika;2016;pn-kualasimpang
1098;621/Pid.LL/2016/PN .KSP;Perkara Lalu-Lintas;2016;pn-kualasimpang
1099;261/Pid.Sus/2016/PN .KSP;Narkotika;2016;pn-kualasimpang
1100;245/Pid.B/2016/PN .KSP;Pencurian;2016;pn-kualasimpang
1101;217/Pid.Sus/2016/PN .KSP;Narkotika;2016;pn-kualasimpang
1102;29/Pid.C/2016/PN .KSP;Pencurian;2016;pn-kualasimpang
1103;192/Pid.Sus/2016/PN .KSP;Narkotika;2016;pn-kualasimpang
1104;166/Pid.Sus/2016/PN .KSP;Narkotika;2016;pn-kualasimpang
1105;153/Pid.B/2016/PN .KSP;Pencurian;2016;pn-kualasimpang
1106;136/Pid.Sus/2016/PN .KSP;Narkotika;2016;pn-kualasimpang
1107;115/Pid.Sus/2016/PN .KSP;Narkotika;2016;pn-kualasimpang
1108;100/Pid.B/2016/PN..KSP;Kejahatan yang Membahayakan Keamananan Umum Bagi Orang atau Barang;2016;pn-kualasimpang
1109;90/Pid.B/2016/PN..KSP;Pencurian;2016;pn-kualasimpang
1110;17/Pid.C/2016/PN..KSP;Pencurian;2016;pn-kualasimpang
1111;61/PID.B/2016/PN.KSP;Penadahan, Penerbitan, dan Pencetakan;2016;pn-kualasimpang
1112;42/PID.SUS/2016/PN.KSP;Narkotika;2016;pn-kualasimpang
1113;1/Pid.Sus-Anak/2016/PN.KSP;Pelanggaran Kesusilaan;2016;pn-kualasimpang
1114;21/PID.B/2016/PN.KSP;Pertambangan Mineral dan Batubara;2016;pn-kualasimpang
1115;7/PID.B/2016/PN.KSP;Pertambangan Mineral dan Batubara;2016;pn-kualasimpang
1116;310/PID.B/2015/PN.KSP;Pencurian;2015;pn-kualasimpang
1117;294/PID.B/2015/PN.KSP;Pencurian;2015;pn-kualasimpang
1118;276/PID.SUS/2015/PN.KSP;Narkotika;2015;pn-kualasimpang
1119;256/PID.B/2015/PN.KSP;Pencurian;2015;pn-kualasimpang
1120;241/PID.B/2015/PN.KSP;Pencurian;2015;pn-kualasimpang
1121;222/PID.SUS/2015/PN.KSP;Narkotika;2015;pn-kualasimpang
1122;209/PID.B/2015/PN.KSP;Penggelapan ;2015;pn-kualasimpang
1123;11/Pid.Sus-Anak/2015/PN.KSP;Penadahan, Penerbitan, dan Pencetakan;2015;pn-kualasimpang
1124;169/PID.B/2015/PN.KSP;Pelanggaran Kesusilaan;2015;pn-kualasimpang
1125;7/Pid.Sus-Anak/2015/PN.KSP;Pencurian;2015;pn-kualasimpang
1126;137/PID.B/2015/PN.KSP;Pencurian;2015;pn-kualasimpang
1127;123/PID.B/2015/PN.KSP;Penganiayaan;2015;pn-kualasimpang
1128;103/PID.B/2015/PN.PN.KSP;Pemalsuan Surat;2015;pn-kualasimpang
1129;83/PID.B/2015/PN.KSP;Pencurian;2015;pn-kualasimpang
1130;5/PDT.P/2015/PN.PN.KSP;Wali Dan Ijin  Jual;2015;pn-kualasimpang
1131;49/PID.B/2015/PN.KSP;Pertambangan Mineral dan Batubara;2015;pn-kualasimpang
1132;29/PID.B/2015/PN.KSP;Perbuatan Curang;2015;pn-kualasimpang
1133;13/PID.SUS/2015/PN.KSP;Narkotika;2015;pn-kualasimpang
1134;241/Pid.Sus/2014/PN Ksp;Narkotika;2014;pn-kualasimpang
1135;210/Pid.B/2014/PN Ksp;Pemalsuan Surat;2014;pn-kualasimpang
1136;201/Pid.Sus/2014/PN Ksp;Narkotika;2014;pn-kualasimpang
1137;183/Pid.B/2014/PN Ksp;Pencurian;2014;pn-kualasimpang
1138;162/PID.SUS/2014/PN.KSP;Narkotika;2014;pn-kualasimpang
1139;148/PID.B/2014/PN.KSP;Pelanggaran Kesusilaan;2014;pn-kualasimpang
1140;132/PID.B/2014/PN.KSP;Pelanggaran Kesusilaan;2014;pn-kualasimpang
1141;108/PID.SUS/2014/PN.KSP;Narkotika;2014;pn-kualasimpang
1142;88/PID.SUS/2014/PN.KSP;Narkotika;2014;pn-kualasimpang
1143;68/PID.SUS/2014/PN.KSP;Narkotika;2014;pn-kualasimpang
1144;55/PID.SUS/2014/PN.KSP;Narkotika;2014;pn-kualasimpang
1145;36/PID.SUS/2014/PN.KSP;Narkotika;2014;pn-kualasimpang
1146;19/PID.B/2014/PN.KSP;Pencurian;2014;pn-kualasimpang
1147;257/PID.SUS/2013/PN.KSP;Perlindungan Anak;2013;pn-kualasimpang
1148;247/PID.SUS/2013/PN.KSP;Narkotika;2013;pn-kualasimpang
1149;227/PID.B/2013/PN.KSP;Pencurian;2013;pn-kualasimpang
1150;206/PID.B/2013/PN.KSP;Penadahan, Penerbitan, dan Pencetakan;2013;pn-kualasimpang
1151;189/PID.B/2013/PN.KSP;Penadahan, Penerbitan, dan Pencetakan;2013;pn-kualasimpang
1152;171/PID.SUS/2013/PN.KSP;Narkotika;2013;pn-kualasimpang
1153;152/PID.B/2013/PN.KSP;Pencurian;2013;pn-kualasimpang
1154;136/PID.B/2013/PN.KSP;Pencurian;2013;pn-kualasimpang
1155;125/PID.B/2013/PN.KSP;Pencurian;2013;pn-kualasimpang
1156;106/PID.B/2013/PN.KSP;Penganiayaan;2013;pn-kualasimpang
1157;83/PID.SUS/2013/PN.KSP;Pencurian;2013;pn-kualasimpang
1158;68/PID.B/2013/PN.KSP;Pemalsuan Materai dan Merek;2013;pn-kualasimpang
1159;59/PID.B/2013/PN.KSP;Penadahan, Penerbitan, dan Pencetakan;2013;pn-kualasimpang
1160;40/PID.SUS/2013/PN.KSP;Narkotika;2013;pn-kualasimpang
1161;28/PID.SUS/2013/PN.KSP;Narkotika;2013;pn-kualasimpang
1162;44/PDT.P/2013/PN.KSP;Pengangkatan Wali Bagi Anak;2013;pn-kualasimpang
1163;31/PDT.P/2013/PN.KSP;Permohonan Akte Kelahiran Terlambat ;2013;pn-kualasimpang
1164;1/PDT.G/2013/PN.KSP;Penyerobotan;2013;pn-kualasimpang
